timestamp,distance
3489,3507.690828402367
3514,1195.586
3535,1190.585
3565,1188.223
3597,1185.5352
3628,1178.1406
3660,1179.8348
3692,1177.9668
3725,1177.1192
3756,1176.4794
3804,1177.0744
3836,1175.374
3868,1173.7294
3900,1170.5562
3932,1167.099
3964,1180.0594
3997,1186.982
4028,1193.9322
4061,1194.5432
4092,1186.259
4138,1179.643
4172,1173.4932
4204,1165.2674
4236,1157.0184
4268,1150.7732
4299,1145.6178
4332,1140.6078
4364,1135.378
4396,1131.9652
4428,1128.8676
4461,1122.2342
4492,1129.8178
4524,1130.9038
4572,1134.41
4603,1134.4668
4636,1138.5714
4668,1139.4914
4699,1081.1648
4732,940.0222
4764,775.5646
4796,780.0824
4828,980.6998
4860,973.1982
4892,960.2658
4923,954.6012
4971,945.5248
5003,931.538
5035,923.6304
5067,916.0698
5099,905.431
5131,893.3074
5163,889.934
5195,889.8358
5227,892.9564
5259,894.9826
5291,882.0868
5339,877.5754
5371,879.786
5403,885.0
5435,888.6506
5467,889.9528
5499,880.0232
5531,838.5624
5564,783.6306
5595,708.934
5627,611.555
5659,532.096
5691,425.6819047619048
5739,463.77
5778,624.5105405405405
5803,3124.0754437869823
5835,3048.5118343195268
5866,3008.312130177515
5899,3157.4704142011833
5931,3241.974852071006
5963,3137.276627218935
5995,3226.939349112426
6027,3147.389053254438
6058,3160.6494082840236
6090,3334.248520710059
6138,3170.2884615384614
6170,3189.9112426035504
6202,3256.748520710059
6234,3196.48224852071
6267,3304.102071005917
6299,3402.8683431952663
6331,3384.165680473373
6363,3335.983727810651
6395,3264.3846153846152
6427,3347.420118343195
6458,3422.0029585798816
6507,3331.068047337278
6538,3424.526627218935
6570,3430.4615384615386
6603,3478.2884615384614
6635,3251.3224852071007
6666,3231.5103550295858
6702,1199.1572
6731,1201.4208
6763,1197.753
6796,1184.1184
6827,1174.9836
6860,1155.2924
6907,1159.6586
6939,1153.7228
6971,1152.7916
7003,1148.3688
7035,1145.7858
7067,1142.6372
7099,1141.7224
7131,1141.5842
7163,1139.1074
7196,1137.7536
7227,1136.3964
7259,1134.6908
7307,1132.632
7339,1132.0834
7371,1130.8716
7403,1128.0236
7435,1128.4892
7467,1129.0402
7503,1127.2232
7532,1126.211
7563,1125.2772
7595,1124.6864
7627,1123.5458
7675,1121.0574
7707,1121.2406
7739,1119.7876
7771,1118.7408
7803,1115.7922
7835,1114.5352
7867,1111.747
7899,1107.9198
7931,1105.3142
7963,1101.141
7996,1097.0482
8027,1093.9072
8075,1092.5322
8107,1095.331
8139,1099.4118
8171,1114.2072
8203,1131.2714
8235,1152.1386
8267,1166.5248
8299,1177.2778
8331,1184.0032
8363,1190.0278
8395,1195.8556
8427,1202.7686
8475,1209.3474
8507,1217.935
8539,1225.396
8571,1234.8366
8603,1243.7126
8635,1244.4802
8667,1217.8486
8699,1207.7644
8731,1178.6358
8763,1123.1194
8795,1101.4574
8842,1066.3736
8875,1007.4342
8907,965.5108
8939,952.2254
8971,895.975
9004,950.3308
9035,893.4476
9067,815.631224489796
9099,866.5032653061224
9131,807.3885416666667
9163,770.0816666666667
9195,778.8755319148936
9246,781.9889130434783
9276,729.5890909090909
9307,814.2132558139535
9338,779.6340476190476
9370,846.2833333333333
9402,843.619761904762
9435,856.3619047619047
9467,857.1253658536585
9499,896.7382926829268
9531,864.5245
9563,919.75275
9595,953.9243589743589
9643,1000.0717948717949
9675,1021.3484210526316
9707,1052.4251282051282
9738,1043.026842105263
9771,996.7165789473685
9802,976.6163157894737
9835,1068.0884210526315
9867,1005.4820085929108
9899,1003.2718393922952
9931,985.6679327183939
9963,967.9439728353141
9995,996.5212765957447
10043,1043.417894736842
10074,1083.6235897435897
10106,1062.7876923076924
10138,1084.01325
10171,1090.4270731707318
10203,1062.4756097560976
10235,1085.1207142857143
10267,1072.8716666666667
10299,1063.2911904761904
10332,1056.3642857142856
10363,1072.5566666666666
10410,1083.0916666666667
10443,1099.2216666666666
10475,1089.6651219512196
10506,1143.4458536585366
10539,1070.797
10570,1123.4343902439025
10603,1104.51675
10634,1099.45975
10666,1051.1022896963664
10699,1083.6193565127141
10731,1095.2230691056911
10764,1051.773299101412
10811,1065.5709595959595
10843,1020.5520512820513
10875,998.6689743589743
10906,1034.9821052631578
10939,1038.2377659574468
10974,1037.104255319149
11003,1041.154569892473
11035,1003.0747340425532
11067,979.4067934782609
11099,1008.97668997669
11132,995.8852150537634
11163,1011.5335106382979
11210,1014.2020618556701
11242,986.9822916666667
11275,1050.1253846153845
11306,1106.777435897436
11338,1021.2546153846154
11370,1047.1141025641025
11402,1005.9997435897436
11435,968.05275
11467,1004.7902564102565
11498,1072.47425
11531,1065.9165
11579,1082.6192682926828
11610,1044.3478048780487
11643,1034.1331707317074
11674,1041.1039024390243
11706,1039.6168292682926
11739,1006.7425
11771,1009.0712195121952
11803,1019.1851219512195
11835,1033.678292682927
11867,1033.3929268292684
11899,1039.821463414634
11931,1056.7409523809524
11979,1016.4
12010,1015.9370731707317
12043,1064.220487804878
12075,1073.6329268292684
12107,1008.83725
12138,1061.314
12170,1051.97525
12202,1007.29625
12235,1017.8005128205128
12267,1031.5376923076924
12299,902.3342105263158
12331,1038.7397435897435
12378,977.29525
12410,958.89825
12443,1004.9175
12474,1047.657
12507,983.0858974358974
12538,998.3697435897436
12571,1008.2913513513513
12602,1092.1307894736842
12634,3497.244082840237
12673,3605.360946745562
12699,3612.6065088757396
12746,3637.955621301775
12779,3631.8505917159764
12811,3583.683431952663
12842,3554.199704142012
12875,3613.476331360947
12907,3536.730769230769
12939,3613.9008875739646
12970,3559.957100591716
13002,3559.8254437869823
13035,3659.329881656805
13066,3582.8402366863907
13099,3671.050295857988
13147,3609.2396449704142
13179,3674.937869822485
13211,3721.016272189349
13243,3684.846153846154
13275,3720.992603550296
13307,3551.569526627219
13339,3639.6420118343194
13370,3615.9437869822486
13402,3719.25
13435,3569.769230769231
13466,3653.8239644970413
13498,3734.387573964497
13546,3748.3994082840236
13578,3747.355029585799
13611,3678.8254437869823
13642,3708.4674556213017
13674,3761.036982248521
13706,3774.71449704142
13738,3664.707100591716
13771,3779.105029585799
13803,3705.701183431953
13834,3794.5325443786983
13866,3812.2810650887573
13914,3711.112426035503
13947,3668.6686390532545
13979,3835.233727810651
14010,3699.5310650887573
14043,3733.776627218935
14074,3765.8210059171597
14106,3651.025147928994
14139,3782.5
14171,3751.7825443786983
14202,3757.8150887573966
14235,3743.344674556213
14266,3769.6686390532545
14321,3806.748520710059
14347,3795.4689349112427
14378,3784.360946745562
14410,3805.6183431952663
14443,3661.8402366863907
14474,3679.458579881657
14506,3679.121301775148
14538,3488.637573964497
14570,3629.791420118343
14602,3656.069526627219
14634,3678.939349112426
14668,3647.068047337278
14715,3668.4866863905327
14746,3738.859467455621
14779,3748.550295857988
14810,3791.1005917159764
14842,3766.683431952663
14874,3760.937869822485
14906,3745.8224852071007
14939,3743.198224852071
14970,3785.181952662722
15002,3735.4097633136093
15035,3721.491124260355
15083,3673.2278106508875
15115,3753.6923076923076
15147,3740.03550295858
15179,3758.890532544379
15210,3718.4437869822486
15242,3736.8505917159764
15274,3734.0636094674555
15306,3749.4718934911243
15338,3762.394970414201
15370,3749.1168639053253
15403,3811.5221893491125
15435,3718.921597633136
15482,3788.5207100591715
15514,3770.433431952663
15547,3749.4718934911243
15579,3775.786982248521
15610,3747.9349112426034
15642,3729.273668639053
15674,3789.286982248521
15706,3757.421597633136
15738,3787.316568047337
15770,3770.7795857988167
15802,3816.5739644970413
15834,3749.6168639053253
15883,3714.25
15914,3732.2884615384614
15947,3781.3579881656806
15979,3771.316568047337
16010,3791.8846153846152
16043,3754.2973372781066
16075,3664.0207100591715
16106,3725.3565088757396
16138,3685.286982248521
16170,3755.4112426035504
16202,3731.248520710059
16250,3623.465976331361
16283,3519.594674556213
16314,3455.097633136095
16347,3581.2707100591715
16379,3407.6065088757396
16410,3434.810650887574
16442,3513.9437869822486
16474,3479.1568047337278
16507,3441.213017751479
16538,3445.707100591716
16570,3460.872781065089
16602,3487.007396449704
16650,3665.3816568047337
16683,3439.6331360946747
16714,3483.7366863905327
16747,3517.5118343195268
16779,3507.7455621301774
16810,3475.9704142011833
16842,3515.492603550296
16874,3542.0221893491125
16906,3479.2958579881656
16938,3498.1508875739646
16970,3559.523668639053
17002,3530.896449704142
17051,3663.835798816568
17082,3511.3757396449705
17114,3682.6257396449705
17147,3507.389053254438
17178,3470.869822485207
17211,3627.2618343195268
17242,3481.69674556213
17274,3626.312130177515
17306,3477.016272189349
17339,3583.241124260355
17370,3463.7366863905327
17402,3582.4423076923076
17450,3529.3934911242604
17482,3436.0
17514,3450.0
17549,3633.619822485207
17579,3613.2041420118344
17610,3596.5473372781066
17642,3534.3860946745563
17674,3488.6494082840236
17706,3694.458579881657
17738,3625.7174556213017
17772,3575.0207100591715
17818,3532.6257396449705
17850,3613.1686390532545
17882,3704.2381656804732
17914,3660.207100591716
17947,3659.0325443786983
17978,3693.6849112426034
18010,3622.9541420118344
18042,3685.8994082840236
18074,3648.412721893491
18106,3572.062130177515
18138,3675.7026627218934
18170,3666.153846153846
18218,3576.396449704142
18250,3600.630177514793
18283,3566.9778106508875
18314,3408.9852071005917
18348,3541.627218934911
18378,3499.4866863905327
18410,3490.705621301775
18442,3481.847633136095
18474,3399.5813609467455
18506,3365.048816568047
18538,3426.2529585798816
18570,3350.921597633136
18619,3428.01775147929
18650,3342.396449704142
18682,3494.818047337278
18714,3376.809171597633
18747,3360.9423076923076
18778,3220.353550295858
18810,3304.859467455621
18842,3383.7115384615386
18874,3312.0133136094673
18906,3519.726331360947
18938,3238.3328402366865
18986,3359.695266272189
19018,3193.3994082840236
19051,3091.6612426035504
19082,3212.127218934911
19115,3235.6346153846152
19146,3224.974852071006
19178,3291.5710059171597
19210,3283.6065088757396
19242,3147.0295857988167
19274,3268.5325443786983
19307,3272.7603550295858
19338,3309.2218934911243
19386,3488.7204142011833
19418,3498.837278106509
19450,3274.8136094674555
19482,3534.103550295858
19530,3316.2721893491125
19531,3316.2721893491125
19547,3315.949704142012
19548,3315.949704142012
19579,3526.008875739645
19580,3526.008875739645
19611,3492.4674556213017
19613,3492.4674556213017
19643,3439.8934911242604
19644,3439.8934911242604
19675,3518.2396449704142
19676,3518.2396449704142
19707,3411.2470414201184
19708,3411.2470414201184
19739,3396.3816568047337
19740,3396.3816568047337
19787,3430.378698224852
19788,3430.378698224852
19819,3321.8062130177514
19820,3321.8062130177514
19851,3460.062130177515
19852,3460.062130177515
19883,3368.4852071005917
19884,3368.4852071005917
19915,3483.860946745562
19916,3483.860946745562
19947,3430.6745562130177
19948,3430.6745562130177
19980,3568.9615384615386
19981,3568.9615384615386
20012,3454.7958579881656
20013,3454.7958579881656
20043,3507.420118343195
20044,3507.420118343195
20076,3465.5754437869823
20077,3465.5754437869823
20108,3430.2115384615386
20109,3430.2115384615386
20155,3330.251479289941
20156,3330.251479289941
20187,3459.7396449704142
20188,3459.7396449704142
20219,3427.536982248521
20219,3427.536982248521
20251,3539.544378698225
20252,3539.544378698225
20301,3468.9704142011833
20302,3468.9704142011833
25189,2832.036982248521
25226,1570.7458
25258,1555.4678
25291,1587.163
25322,1579.3444
25354,1569.5688
25387,1575.8062
25418,1564.9248
25450,1609.0132
25498,1561.5054
25499,1561.5054
25515,1559.585
25516,1559.585
25547,1564.7268
25548,1564.7268
25580,1593.9934
25581,1593.9934
25627,1564.6882
25628,1564.6882
25659,1560.6656
25660,1560.6656
25691,1559.4372
25692,1559.4372
25723,1564.647
25724,1564.647
25755,1605.4612
25756,1605.4612
25787,1600.1622
25789,1600.1622
25819,1573.6538
25820,1573.6538
25853,1581.2566
25854,1581.2566
25884,1628.0754
25885,1628.0754
25916,1568.2842
25917,1568.2842
25948,1576.8516
25949,1576.8516
25979,1578.4194
25980,1578.4194
26027,1585.2302
26028,1585.2302
26059,1587.1998
26060,1587.1998
26091,1584.8268
26092,1584.8268
26123,1593.1062
26124,1593.1062
26155,1591.7462
26156,1591.7462
26188,1587.5948
26189,1587.5948
26219,1581.2028
26220,1581.2028
26251,1581.8622
26252,1581.8622
26284,1590.7334
26285,1590.7334
26315,1578.073
26316,1578.073
26349,1589.2392
26350,1589.2392
26396,1591.5158
26397,1591.5158
26427,1565.1504
26428,1565.1504
26459,1597.8264
26460,1597.8264
26491,1580.627
26492,1580.627
26523,1623.8216
26524,1623.8216
26555,1588.6918
26556,1588.6918
26587,1583.5694
26589,1583.5694
26620,1605.4172
26621,1605.4172
26651,1609.2854
26652,1609.2854
26683,1595.3092
26684,1595.3092
26715,1591.3714
26716,1591.3714
26747,1598.5186
26748,1598.5186
26796,1598.7588
26797,1598.7588
26828,1606.1778
26828,1606.1778
26860,1599.9252
26861,1599.9252
26892,1601.3382
26893,1601.3382
26923,1590.7722
26924,1590.7722
26955,1628.9008
26956,1628.9008
26987,1590.0834
26988,1590.0834
27019,1590.8684
27020,1590.8684
27052,1589.9144
27053,1589.9144
27084,1575.0552
27085,1575.0552
27115,1573.4162
27116,1573.4162
27147,1588.6592
27148,1588.6592
27195,1568.3634
27196,1568.3634
27227,1566.2824
27228,1566.2824
27260,1577.5206
27261,1577.5206
27291,1584.1946
27292,1584.1946
27323,1568.488
27325,1568.488
27356,1585.6922
27357,1585.6922
27387,1576.1588
27388,1576.1588
27419,1568.51
27420,1568.51
27451,1557.9468
27452,1557.9468
27483,1569.4114
27484,1569.4114
27515,1554.2882
27516,1554.2882
27563,1556.0272
27564,1556.0272
27595,1553.0176
27596,1553.0176
27628,1567.0772
27629,1567.0772
27659,1571.0592
27660,1571.0592
27691,1568.2142
27692,1568.2142
27723,1566.759
27724,1566.759
27755,1583.1574
27756,1583.1574
27788,1579.2938
27789,1579.2938
27819,1571.9958
27820,1571.9958
27851,1574.5888
27852,1574.5888
27883,1590.6144
27884,1590.6144
27916,1593.1384
27917,1593.1384
27963,1589.7492
27964,1589.7492
27995,1606.2442
27996,1606.2442
28027,1605.804
28028,1605.804
28060,1606.6718
28061,1606.6718
28092,1608.3992
28093,1608.3992
28123,1580.6442
28124,1580.6442
28155,1588.715
28156,1588.715
28187,1601.5866
28188,1601.5866
28219,1599.9356
28220,1599.9356
28251,1599.5998
28252,1599.5998
28283,1607.7116
28284,1607.7116
28315,1607.0652
28316,1607.0652
28363,1607.4926
28364,1607.4926
28396,1611.1444
28397,1611.1444
28427,1612.621
28428,1612.621
28459,1613.8888
28460,1613.8888
28491,1614.8268
28492,1614.8268
28523,1616.0556
28524,1616.0556
28555,1616.952
28556,1616.952
28588,1621.6898
28589,1621.6898
28619,1623.251
28620,1623.251
28651,1624.0416
28652,1624.0416
28683,1624.4622
28684,1624.4622
28731,1628.218
28732,1628.218
28764,1630.3914
28765,1630.3914
28796,1632.38
28797,1632.38
28827,1635.1194
28828,1635.1194
28860,1636.2682
28861,1636.2682
28891,1641.2174
28893,1641.2174
28923,1641.5532
28924,1641.5532
28955,1644.3844
28956,1644.3844
28987,1648.066
28988,1648.066
29019,1646.9884
29020,1646.9884
29052,1643.82
29053,1643.82
29083,1643.8236
29084,1643.8236
29131,1650.3312
29132,1650.3312
29163,1646.3888
29164,1646.3888
29195,1643.334
29196,1643.334
29227,1641.7226
29228,1641.7226
29259,1629.2334
29260,1629.2334
29291,1607.7986
29292,1607.7986
29324,1599.9044
29325,1599.9044
29355,1581.7288
29356,1581.7288
29388,1612.7436
29389,1612.7436
29419,1578.4852
29421,1578.4852
29452,1562.556
29453,1562.556
29484,1645.6604
29485,1645.6604
29531,1646.4582
29532,1646.4582
29563,1640.3308
29564,1640.3308
29595,1639.7916
29596,1639.7916
29628,1639.2074
29629,1639.2074
29660,1645.5226
29661,1645.5226
29691,1645.7852
29692,1645.7852
29723,1648.6736
29724,1648.6736
29755,1648.0772
29756,1648.0772
29788,1648.3968
29789,1648.3968
29819,1652.0398
29820,1652.0398
29851,1652.5132
29852,1652.5132
29899,1653.1524
29900,1653.1524
29932,1653.478
29933,1653.478
29963,1658.131
29964,1658.131
29995,1653.4784
29996,1653.4784
30027,1658.7278
30028,1658.7278
30059,1658.3352
30060,1658.3352
30091,1660.1486
30093,1660.1486
30124,1661.5764
30125,1661.5764
30155,1660.8654
30156,1660.8654
30187,1663.2666
30188,1663.2666
30219,1659.2506
30220,1659.2506
30251,1658.6114
30252,1658.6114
30299,1656.5336
30300,1656.5336
30331,1660.618
30332,1660.618
30363,1658.799
30364,1658.799
30395,1659.266
30396,1659.266
30427,1655.8182
30428,1655.8182
30459,1653.3594
30460,1653.3594
30491,1655.9646
30492,1655.9646
30523,1656.7022
30524,1656.7022
30555,1660.703
30556,1660.703
30587,1655.901
30588,1655.901
30619,1658.0036
30620,1658.0036
30651,1659.3796
30652,1659.3796
30699,1659.595
30700,1659.595
30731,1660.0802
30732,1660.0802
30765,1655.6882
30766,1655.6882
30796,1658.0182
30797,1658.0182
30827,1658.5934
30828,1658.5934
30859,1654.8772
30860,1654.8772
30892,1650.9446
30892,1650.9446
30923,1652.9806
30924,1652.9806
30955,1653.5852
30956,1653.5852
30987,1653.2952
30988,1653.2952
31019,1653.5382
31020,1653.5382
31052,1653.6438
31053,1653.6438
31099,1648.7766
31100,1648.7766
31131,1652.7774
31133,1652.7774
31163,1653.1798
31164,1653.1798
31196,1653.2352
31197,1653.2352
31227,1653.199
31228,1653.199
31259,1653.2106
31260,1653.2106
31291,1654.4044
31292,1654.4044
31323,1653.2294
31324,1653.2294
31355,1654.941
31356,1654.941
31388,1652.8768
31392,1652.8768
31420,1655.656
31421,1655.656
31467,1658.6338
31468,1658.6338
31499,1655.1112
31500,1655.1112
31531,1654.0236
31532,1654.0236
31563,1653.4866
31564,1653.4866
31595,1657.8574
31597,1657.8574
31627,1658.3596
31628,1658.3596
31659,1654.4232
31660,1654.4232
31691,1653.9506
31692,1653.9506
31723,1653.0828
31724,1653.0828
31755,1653.8458
31756,1653.8458
31787,1653.7406
31788,1653.7406
31819,1654.1318
31820,1654.1318
31867,1653.5928
31868,1653.5928
31900,1658.2542
31901,1658.2542
31931,1657.7408
31932,1657.7408
31963,1653.0236
31964,1653.0236
31995,1657.7114
31996,1657.7114
32027,1652.7974
32029,1652.7974
32060,1653.667
32061,1653.667
32091,1653.1834
32092,1653.1834
32123,1653.2606
32124,1653.2606
32155,1653.678
32156,1653.678
32187,1653.2292
32188,1653.2292
32219,1653.16
32220,1653.16
32267,1649.9284
32268,1649.9284
32299,1657.6706
32300,1657.6706
32332,1653.6554
32333,1653.6554
32363,1652.8716
32364,1652.8716
32395,1654.1418
32396,1654.1418
32427,1653.2652
32428,1653.2652
32459,1653.8356
32460,1653.8356
32491,1652.8628
32492,1652.8628
32523,1658.7858
32524,1658.7858
32555,1652.9076
32556,1652.9076
32587,1652.941
32588,1652.941
32635,1652.7628
32636,1652.7628
32668,1653.6422
32669,1653.6422
32700,1653.982
32701,1653.982
32731,1657.8884
32732,1657.8884
32763,1653.2442
32764,1653.2442
32795,1652.6414
32796,1652.6414
32827,1653.3082
32828,1653.3082
32859,1656.4392
32860,1656.4392
32891,1657.3088
32892,1657.3088
32923,1656.8342
32924,1656.8342
32955,1657.7544
32956,1657.7544
32987,1658.964
32988,1658.964
33035,1662.314
33036,1662.314
33067,1663.552
33068,1663.552
33099,1661.1586
33100,1661.1586
33131,1664.7254
33132,1664.7254
33164,1664.7946
33165,1664.7946
33195,1664.9568
33196,1664.9568
33227,1669.9274
33228,1669.9274
33259,1668.3354
33261,1668.3354
33291,1669.8978
33292,1669.8978
33323,1677.968
33324,1677.968
33355,1679.5126
33356,1679.5126
33387,1682.8532
33388,1682.8532
33435,1681.6096
33436,1681.6096
33467,1688.4274
33468,1688.4274
33499,1693.4054
33500,1693.4054
33531,1697.8752
33532,1697.8752
33564,1703.7764
33565,1703.7764
33595,1706.9236
33596,1706.9236
33627,1712.3836
33628,1712.3836
33659,1714.3098
33660,1714.3098
33691,1715.8166
33692,1715.8166
33723,1723.1556
33724,1723.1556
33755,1725.2264
33756,1725.2264
33803,1727.5446
33804,1727.5446
33836,1731.2728
33837,1731.2728
33867,1734.3406
33868,1734.3406
33901,1738.3004
33902,1738.3004
33932,1738.9436
33933,1738.9436
33963,1738.988
33964,1738.988
33995,1743.0394
33996,1743.0394
34027,1746.3214
34028,1746.3214
34059,1745.735
34060,1745.735
34091,1748.0104
34092,1748.0104
34123,1749.9304
34124,1749.9304
34155,1753.1996
34156,1753.1996
34203,1751.6046
34204,1751.6046
34235,1752.4904
34236,1752.4904
34267,1753.1508
34268,1753.1508
34299,1750.291
34300,1750.291
34331,1751.8032
34332,1751.8032
34363,1754.5326
34364,1754.5326
34395,1755.9834
34396,1755.9834
34427,1759.066
34428,1759.066
34459,1754.6574
34460,1754.6574
34492,1756.0178
34493,1756.0178
34524,1757.0658
34525,1757.0658
34556,1757.5798
34557,1757.5798
34603,1762.0042
34604,1762.0042
34635,1760.8166
34636,1760.8166
34667,1759.4812
34668,1759.4812
34700,1759.1096
34701,1759.1096
34731,1757.8058
34732,1757.8058
34763,1757.448
34764,1757.448
34795,1757.4988
34796,1757.4988
34827,1755.9904
34828,1755.9904
34859,1753.7004
34860,1753.7004
34891,1754.9444
34892,1754.9444
34923,1754.238
34924,1754.238
34971,1754.2676
34972,1754.2676
35003,1754.976
35004,1754.976
35035,1757.374
35036,1757.374
35067,1758.191
35068,1758.191
35100,1760.2288
35101,1760.2288
35132,1756.7942
35133,1756.7942
35163,1757.1844
35164,1757.1844
35195,1759.1838
35196,1759.1838
35227,1759.1604
35228,1759.1604
35259,1758.29
35260,1758.29
35291,1754.2954
35292,1754.2954
35323,1751.7976
35324,1751.7976
35371,1739.7672
35372,1739.7672
35404,1734.637
35405,1734.637
35435,1760.2594
35436,1760.2594
35467,1732.3066
35468,1732.3066
35499,1742.4162
35500,1742.4162
35531,1732.6466
35532,1732.6466
35563,1718.4816
35564,1718.4816
35595,1722.9926
35596,1722.9926
35627,1748.0582
35628,1748.0582
35659,1774.4104
35661,1774.4104
35691,1738.869
35693,1738.869
35722,1664.7316
35723,1664.7316
35770,1733.283
35771,1733.283
35803,1782.1972
35804,1782.1972
35835,1748.523
35836,1748.523
35867,1770.3078
35868,1770.3078
35899,1714.3062
35900,1714.3062
35931,1756.6274
35932,1756.6274
35963,1667.3628
35964,1667.3628
35995,1670.9888
35995,1670.9888
36028,1663.1888
36029,1663.1888
36058,1754.2824
36059,1754.2824
36091,1787.9944
36092,1787.9944
36139,1770.0786
36140,1770.0786
36171,1668.8598
36172,1668.8598
36203,1812.4668
36204,1812.4668
36235,1783.0098
36236,1783.0098
36268,1783.5832
36269,1783.5832
36299,1766.9888
36300,1766.9888
36331,1664.6654
36332,1664.6654
36362,1749.9526
36363,1749.9526
36395,1784.0026
36396,1784.0026
36427,1745.6702
36428,1745.6702
36458,1791.6102
36459,1791.6102
36491,1648.6422
36492,1648.6422
36539,1760.3088
36540,1760.3088
36570,1743.2034
36571,1743.2034
36603,1754.8238
36604,1754.8238
36635,1778.042
36636,1778.042
36668,1730.7726
36669,1730.7726
36699,1722.0082
36700,1722.0082
36731,1757.9912
36732,1757.9912
36762,1746.083
36763,1746.083
36795,1663.3724
36796,1663.3724
36828,1720.423
36829,1720.423
36859,1637.1748
36861,1637.1748
36892,1682.6034
36893,1682.6034
36939,1716.0492
36940,1716.0492
36971,1699.8226
36971,1699.8226
37003,1792.5052
37004,1792.5052
37035,1730.6664
37036,1730.6664
37068,1732.4742
37069,1732.4742
37099,1744.6942
37100,1744.6942
37131,1719.8222
37132,1719.8222
37162,1742.6172
37163,1742.6172
37195,1797.6308
37196,1797.6308
37227,1630.2462
37228,1630.2462
37259,1707.9886
37260,1707.9886
37307,1719.8252
37308,1719.8252
37339,1730.4758
37340,1730.4758
37371,1799.0408
37372,1799.0408
37404,1804.4908
37405,1804.4908
37435,1745.8
37437,1745.8
37467,1758.7898
37468,1758.7898
37499,1762.133
37500,1762.133
37531,1765.828
37532,1765.828
37563,1762.8242
37564,1762.8242
37595,1762.2264
37596,1762.2264
37627,1761.6828
37628,1761.6828
37659,1762.2048
37660,1762.2048
37707,1760.0454
37708,1760.0454
37739,1759.9798
37740,1759.9798
37770,1761.4462
37771,1761.4462
37803,1762.2704
37804,1762.2704
37835,1759.3932
37836,1759.3932
37867,1760.6088
37868,1760.6088
37899,1763.0214
37900,1763.0214
37931,1760.4174
37932,1760.4174
37964,1759.1472
37965,1759.1472
37995,1760.5784
37996,1760.5784
38027,1760.0262
38028,1760.0262
38058,1758.5144
38059,1758.5144
38107,1759.063
38108,1759.063
38139,1758.9266
38140,1758.9266
38171,1758.0924
38172,1758.0924
38203,1758.558
38204,1758.558
38235,1756.5566
38236,1756.5566
38267,1756.7984
38268,1756.7984
38299,1754.3126
38300,1754.3126
38331,1755.6566
38332,1755.6566
38362,1753.5182
38364,1753.5182
38395,1750.1596
38396,1750.1596
38427,1748.2442
38428,1748.2442
38459,1745.446
38460,1745.446
38507,1742.8188
38509,1742.8188
38539,1739.1416
38540,1739.1416
38571,1739.012
38572,1739.012
38603,1733.6308
38604,1733.6308
38635,1729.7244
38636,1729.7244
38667,1727.1768
38668,1727.1768
38699,1724.6702
38700,1724.6702
38731,1724.484
38732,1724.484
38763,1721.431
38764,1721.431
38794,1717.3914
38796,1717.3914
38827,1712.0372
38828,1712.0372
38875,1712.8746
38876,1712.8746
38907,1717.3312
38908,1717.3312
38939,1714.9612
38941,1714.9612
38971,1711.412
38972,1711.412
39003,1713.3994
39004,1713.3994
39035,1710.1068
39036,1710.1068
39068,1710.8248
39069,1710.8248
39100,1712.1834
39101,1712.1834
39131,1714.3776
39132,1714.3776
39163,1715.4848
39164,1715.4848
39195,1715.1474
39196,1715.1474
39227,1713.0952
39228,1713.0952
39275,1713.356
39276,1713.356
39308,1715.9936
39310,1715.9936
39339,1716.9576
39340,1716.9576
39371,1719.955
39372,1719.955
39403,1721.2204
39404,1721.2204
39435,1721.6042
39436,1721.6042
39467,1720.484
39468,1720.484
39499,1721.9516
39500,1721.9516
39531,1721.9742
39532,1721.9742
39563,1725.437
39564,1725.437
39596,1725.3278
39597,1725.3278
39627,1724.7918
39628,1724.7918
39675,1725.8358
39676,1725.8358
39707,1726.547
39708,1726.547
39739,1727.3508
39741,1727.3508
39771,1729.0278
39772,1729.0278
39803,1728.758
39804,1728.758
39835,1729.0838
39836,1729.0838
39867,1731.724
39868,1731.724
39899,1729.5782
39900,1729.5782
39931,1732.0266
39932,1732.0266
39963,1732.622
39964,1732.622
39995,1730.6096
39996,1730.6096
40043,1731.3084
40044,1731.3084
40076,1732.517
40077,1732.517
40108,1732.1632
40109,1732.1632
40140,1731.347
40141,1731.347
40171,1730.2206
40173,1730.2206
40204,1733.0062
40205,1733.0062
40235,1730.0096
40236,1730.0096
40267,1732.6508
40268,1732.6508
40299,1731.7338
40300,1731.7338
40331,1731.9842
40332,1731.9842
40362,1733.076
40363,1733.076
40395,1730.7654
40396,1730.7654
40444,1730.9018
40445,1730.9018
40475,1731.589
40476,1731.589
40508,1731.8498
40509,1731.8498
40539,1730.519
40540,1730.519
40571,1730.7842
40572,1730.7842
40604,1730.4486
40605,1730.4486
40635,1729.5404
40637,1729.5404
40674,1727.3416
40675,1727.3416
40702,1727.4702
40703,1727.4702
40732,1727.8248
40733,1727.8248
40766,1726.7278
40767,1726.7278
40795,1728.1574
40796,1728.1574
40843,1727.139
40844,1727.139
40877,1726.395
40878,1726.395
40909,1727.8424
40910,1727.8424
40941,1724.9464
40943,1724.9464
40974,1724.3766
40975,1724.3766
41006,1722.062
41007,1722.062
41037,1720.0594
41038,1720.0594
41069,1717.0298
41070,1717.0298
41101,1716.9702
41102,1716.9702
41133,1715.1542
41134,1715.1542
41165,1712.5712
41168,1712.5712
41214,1709.8718
41215,1709.8718
41245,1711.2526
41246,1711.2526
41277,1709.9262
41278,1709.9262
41309,1709.6714
41310,1709.6714
41339,1710.3624
41340,1710.3624
41371,1709.8776
41372,1709.8776
41403,1710.8682
41404,1710.8682
41436,1713.7512
41437,1713.7512
41467,1714.8408
41469,1714.8408
41500,1713.626
41501,1713.626
41532,1719.9078
41534,1719.9078
41565,1715.3134
41567,1715.3134
41613,1720.031
41614,1720.031
41645,1722.894
41646,1722.894
41676,1727.4636
41677,1727.4636
41708,1725.09
41709,1725.09
41740,1743.4972
41741,1743.4972
41771,1744.5598
41772,1744.5598
41803,1738.9762
41804,1738.9762
41835,1717.3148
41836,1717.3148
41868,1701.4406
41868,1701.4406
41899,1720.7038
41900,1720.7038
41932,1810.0856
41933,1810.0856
41964,1737.128
41965,1737.128
42011,1884.6014
42012,1884.6014
42043,1672.3498
42044,1672.3498
42076,1782.3286
42077,1782.3286
42108,1881.8746
42109,1881.8746
42140,1803.338
42141,1803.338
42186,1710.9118
42187,1710.9118
42189,1710.9118
42204,1744.708
42205,1744.708
42206,1744.708
42235,1760.3748
42237,1760.3748
42238,1760.3748
42267,1748.2762
42268,1748.2762
42269,1748.2762
42299,1743.3534
42300,1743.3534
42301,1743.3534
42332,1724.3696
42333,1724.3696
42334,1724.3696
42379,1742.1986
42380,1742.1986
42381,1742.1986
42411,1728.949
42412,1728.949
42413,1728.949
42443,1745.9086
42444,1745.9086
42446,1745.9086
42476,1720.6716
42477,1720.6716
42478,1720.6716
42507,1742.9782
42508,1742.9782
42510,1742.9782
42540,1783.0356
42541,1783.0356
42542,1783.0356
42571,1735.7222
42572,1735.7222
42573,1735.7222
42603,1735.236
42604,1735.236
42605,1735.236
42635,1750.5956
42636,1750.5956
42637,1750.5956
42667,1774.0248
42668,1774.0248
42669,1774.0248
42699,1726.2592
42700,1726.2592
42702,1726.2592
42731,1732.3508
42732,1732.3508
42733,1732.3508
42779,1724.5456
42780,1724.5456
42781,1724.5456
42811,1752.2874
42812,1752.2874
42813,1752.2874
42843,1752.6192
42845,1752.6192
42846,1752.6192
42876,1713.4444
42877,1713.4444
42878,1713.4444
42907,1732.6234
42908,1732.6234
42909,1732.6234
42939,1727.1162
42940,1727.1162
42941,1727.1162
42971,1713.5552
42972,1713.5552
42973,1713.5552
43003,1760.813
43004,1760.813
43005,1760.813
43035,1719.6476
43036,1719.6476
43037,1719.6476
43068,1727.5242
43069,1727.5242
43070,1727.5242
43099,1726.8586
43100,1726.8586
43101,1726.8586
43131,1745.1784
43132,1745.1784
43133,1745.1784
43180,1713.6336
43181,1713.6336
43182,1713.6336
43212,1738.3584
43213,1738.3584
43214,1738.3584
43243,1713.8742
43244,1713.8742
43245,1713.8742
43275,1712.0646
43276,1712.0646
43277,1712.0646
43307,1705.7234
43308,1705.7234
43309,1705.7234
43339,1706.999
43340,1706.999
43341,1706.999
43371,1731.1814
43373,1731.1814
43374,1731.1814
43403,1764.5258
43404,1764.5258
43405,1764.5258
43435,1725.7618
43437,1725.7618
43438,1725.7618
43467,1709.908
43468,1709.908
43470,1709.908
43500,1712.5898
43501,1712.5898
43502,1712.5898
43547,1700.2882
43548,1700.2882
43549,1700.2882
43579,1713.7888
43580,1713.7888
43581,1713.7888
43612,1710.565
43613,1710.565
43614,1710.565
43643,1717.6614
43644,1717.6614
43645,1717.6614
43675,1720.3826
43676,1720.3826
43677,1720.3826
43707,1745.854
43708,1745.854
43709,1745.854
43739,1725.2218
43740,1725.2218
43741,1725.2218
43771,1763.6248
43772,1763.6248
43773,1763.6248
43804,1755.5818
43805,1755.5818
43806,1755.5818
43836,1733.7446
43837,1733.7446
43838,1733.7446
43867,1748.971
43868,1748.971
43869,1748.971
43899,1747.8186
43900,1747.8186
43901,1747.8186
43947,1759.9028
43948,1759.9028
43949,1759.9028
43979,1751.6858
43980,1751.6858
43981,1751.6858
44011,1745.5826
44012,1745.5826
44013,1745.5826
44043,1757.8122
44044,1757.8122
44045,1757.8122
44075,1744.4882
44076,1744.4882
44077,1744.4882
44107,1741.88
44109,1741.88
44110,1741.88
44140,1749.6716
44141,1749.6716
44142,1749.6716
44171,1741.5668
44172,1741.5668
44173,1741.5668
44203,1762.7314
44204,1762.7314
44205,1762.7314
44235,1725.39
44236,1725.39
44237,1725.39
44267,1737.2418
44268,1737.2418
44269,1737.2418
44299,1750.394
44300,1750.394
44301,1750.394
44347,1771.975
44348,1771.975
44349,1771.975
44379,1710.7662
44380,1710.7662
44381,1710.7662
44411,1721.0554
44413,1721.0554
44414,1721.0554
44444,1709.7222
44445,1709.7222
44446,1709.7222
44475,1738.793
44476,1738.793
44477,1738.793
44507,1761.1026
44508,1761.1026
44509,1761.1026
44539,1711.9858
44540,1711.9858
44541,1711.9858
44571,1715.183
44572,1715.183
44573,1715.183
44603,1737.3186
44604,1737.3186
44605,1737.3186
44635,1710.0684
44636,1710.0684
44637,1710.0684
44667,1717.3918
44668,1717.3918
44669,1717.3918
44715,1719.6612
44717,1719.6612
44718,1719.6612
44748,1708.241
44749,1708.241
44750,1708.241
44779,1727.5844
44780,1727.5844
44782,1727.5844
44811,1705.741
44812,1705.741
44813,1705.741
44843,1715.3606
44844,1715.3606
44845,1715.3606
44874,1723.406
44875,1723.406
44877,1723.406
44907,1711.0094
44908,1711.0094
44909,1711.0094
44939,1712.4236
44940,1712.4236
44941,1712.4236
44972,1708.6704
44973,1708.6704
44974,1708.6704
45005,1703.6394
45007,1703.6394
45008,1703.6394
45036,1712.9012
45037,1712.9012
45038,1712.9012
45067,1713.5606
45068,1713.5606
45069,1713.5606
45115,1703.431
45116,1703.431
45117,1703.431
45147,1717.503
45148,1717.503
45149,1717.503
45179,1756.3132
45180,1756.3132
45181,1756.3132
45211,1730.724
45212,1730.724
45213,1730.724
45243,1703.601
45244,1703.601
45245,1703.601
45275,1715.9762
45276,1715.9762
45277,1715.9762
45308,1716.9614
45309,1716.9614
45310,1716.9614
45340,1735.8346
45341,1735.8346
45342,1735.8346
45371,1751.3216
45372,1751.3216
45373,1751.3216
45403,1767.5486
45404,1767.5486
45405,1767.5486
45435,1702.0976
45436,1702.0976
45437,1702.0976
45467,1745.9626
45468,1745.9626
45469,1745.9626
45514,1732.3064
45515,1732.3064
45516,1732.3064
45547,1726.0198
45548,1726.0198
45549,1726.0198
45579,1765.2706
45580,1765.2706
45582,1765.2706
45613,1742.125
45614,1742.125
45615,1742.125
45643,1734.2662
45644,1734.2662
45645,1734.2662
45675,1719.8938
45676,1719.8938
45677,1719.8938
45707,1703.861
45708,1703.861
45709,1703.861
45739,1694.4794
45740,1694.4794
45741,1694.4794
45771,1689.9274
45772,1689.9274
45773,1689.9274
45803,1725.6436
45804,1725.6436
45805,1725.6436
45835,1711.127
45836,1711.127
45837,1711.127
45868,1689.1912
45869,1689.1912
45870,1689.1912
45916,1719.3634
45917,1719.3634
45918,1719.3634
45947,1702.5344
45948,1702.5344
45949,1702.5344
45979,1716.7708
45981,1716.7708
45982,1716.7708
46011,1719.0924
46012,1719.0924
46013,1719.0924
46043,1742.0312
46045,1742.0312
46046,1742.0312
46075,1740.6112
46076,1740.6112
46077,1740.6112
46107,1730.6016
46108,1730.6016
46109,1730.6016
46139,1707.59
46141,1707.59
46142,1707.59
46172,1750.8362
46173,1750.8362
46174,1750.8362
46203,1758.3496
46204,1758.3496
46205,1758.3496
46235,1751.7406
46236,1751.7406
46238,1751.7406
46284,1715.1828
46285,1715.1828
46286,1715.1828
46315,1736.926
46316,1736.926
46317,1736.926
46347,1729.118
46348,1729.118
46349,1729.118
46384,1718.4822
46385,1718.4822
46387,1718.4822
46413,1722.8392
46415,1722.8392
46416,1722.8392
46446,1752.8106
46447,1752.8106
46449,1752.8106
46476,1706.4236
46477,1706.4236
46478,1706.4236
46507,1719.1576
46508,1719.1576
46509,1719.1576
46539,1722.6512
46540,1722.6512
46541,1722.6512
46571,1723.0426
46572,1723.0426
46573,1723.0426
46606,1735.0404
46608,1735.0404
46609,1735.0404
46635,1756.9828
46637,1756.9828
46638,1756.9828
46683,1727.4328
46685,1727.4328
46686,1727.4328
46717,1738.446
46718,1738.446
46719,1738.446
46748,1744.808
46749,1744.808
46750,1744.808
46781,1768.5584
46782,1768.5584
46784,1768.5584
46814,1732.5432
46815,1732.5432
46816,1732.5432
46843,1737.6832
46844,1737.6832
46845,1737.6832
46876,1741.3996
46877,1741.3996
46878,1741.3996
46908,1743.985
46909,1743.985
46910,1743.985
46940,1748.627
46942,1748.627
46944,1748.627
46973,1790.4226
46974,1790.4226
46976,1790.4226
47005,1763.0094
47006,1763.0094
47008,1763.0094
47038,1767.8386
47039,1767.8386
47041,1767.8386
47086,1753.538
47087,1753.538
47088,1753.538
47119,1746.3336
47120,1746.3336
47121,1746.3336
47151,1771.374
47152,1771.374
47153,1771.374
47183,1793.212
47184,1793.212
47185,1793.212
47213,1781.4998
47216,1781.4998
47217,1781.4998
47248,1786.937
47250,1786.937
47251,1786.937
47278,1747.4628
47280,1747.4628
47281,1747.4628
47311,1767.4656
47312,1767.4656
47313,1767.4656
47341,1763.6746
47342,1763.6746
47343,1763.6746
47372,1731.948
47373,1731.948
47374,1731.948
47403,1752.2132
47404,1752.2132
47405,1752.2132
47455,1734.3072
47456,1734.3072
47457,1734.3072
47487,1753.681
47489,1753.681
47490,1753.681
47518,1759.4164
47519,1759.4164
47520,1759.4164
47552,1743.741
47554,1743.741
47555,1743.741
47580,1749.58
47581,1749.58
47582,1749.58
47613,1742.0116
47614,1742.0116
47615,1742.0116
47644,1777.1252
47645,1777.1252
47646,1777.1252
47675,1752.2418
47676,1752.2418
47678,1752.2418
47708,1728.6576
47709,1728.6576
47710,1728.6576
47740,1729.0576
47741,1729.0576
47742,1729.0576
47772,1760.429
47773,1760.429
47774,1760.429
47805,1754.1458
47806,1754.1458
47807,1754.1458
47851,1765.7114
47852,1765.7114
47853,1765.7114
47883,1767.0474
47884,1767.0474
47885,1767.0474
47915,1755.528
47916,1755.528
47917,1755.528
47947,1739.993
47948,1739.993
47949,1739.993
47980,1789.9156
47981,1789.9156
47982,1789.9156
48011,1737.5852
48013,1737.5852
48014,1737.5852
48043,1772.1122
48044,1772.1122
48046,1772.1122
48075,1792.1858
48076,1792.1858
48077,1792.1858
48107,1757.611
48108,1757.611
48109,1757.611
48139,1751.2918
48140,1751.2918
48141,1751.2918
48171,1737.4042
48172,1737.4042
48173,1737.4042
48203,1719.1844
48204,1719.1844
48205,1719.1844
48251,1768.779
48252,1768.779
48253,1768.779
48284,1766.9152
48286,1766.9152
48287,1766.9152
48317,1703.7166
48319,1703.7166
48320,1703.7166
48348,1758.3108
48349,1758.3108
48350,1758.3108
48380,1756.7368
48381,1756.7368
48382,1756.7368
48411,1747.4504
48413,1747.4504
48414,1747.4504
48443,1734.1092
48444,1734.1092
48446,1734.1092
48478,1773.3796
48480,1773.3796
48481,1773.3796
48513,1785.891
48514,1785.891
48515,1785.891
48543,1768.351
48546,1768.351
48547,1768.351
48576,1763.1716
48578,1763.1716
48579,1763.1716
48623,1754.2138
48624,1754.2138
48626,1754.2138
48654,1727.0324
48655,1727.0324
48657,1727.0324
48685,1756.3944
48686,1756.3944
48687,1756.3944
48717,1746.4014
48718,1746.4014
48719,1746.4014
48749,1743.0446
48750,1743.0446
48752,1743.0446
48779,1802.3744
48780,1802.3744
48781,1802.3744
48812,1722.3548
48814,1722.3548
48815,1722.3548
48844,1784.3444
48845,1784.3444
48846,1784.3444
48876,1744.9998
48877,1744.9998
48878,1744.9998
48909,1778.9676
48910,1778.9676
48911,1778.9676
48940,1779.9696
48941,1779.9696
48942,1779.9696
48972,1758.6738
48973,1758.6738
48974,1758.6738
49019,1788.3376
49020,1788.3376
49021,1788.3376
49052,1716.6938
49053,1716.6938
49054,1716.6938
49085,1801.8536
49087,1801.8536
49088,1801.8536
49116,1798.1394
49117,1798.1394
49118,1798.1394
49147,1776.8618
49148,1776.8618
49149,1776.8618
49180,1787.6688
49181,1787.6688
49182,1787.6688
49212,1797.367
49213,1797.367
49214,1797.367
49243,1733.7138
49244,1733.7138
49245,1733.7138
49275,1729.4378
49276,1729.4378
49277,1729.4378
49307,1743.1298
49308,1743.1298
49309,1743.1298
49340,1731.8138
49342,1731.8138
49344,1731.8138
49371,1725.3578
49372,1725.3578
49373,1725.3578
49419,1726.6068
49420,1726.6068
49421,1726.6068
49451,1743.7886
49452,1743.7886
49454,1743.7886
49483,1733.6196
49484,1733.6196
49485,1733.6196
49516,1748.2754
49517,1748.2754
49518,1748.2754
49547,1762.4206
49548,1762.4206
49549,1762.4206
49580,1745.5586
49581,1745.5586
49582,1745.5586
49612,1728.4742
49614,1728.4742
49615,1728.4742
49644,1773.0422
49645,1773.0422
49646,1773.0422
49675,1723.647
49676,1723.647
49677,1723.647
49710,1745.3482
49711,1745.3482
49712,1745.3482
49739,1732.3488
49740,1732.3488
49741,1732.3488
49787,1766.1916
49788,1766.1916
49789,1766.1916
49820,1753.1718
49821,1753.1718
49822,1753.1718
49853,1733.2232
49854,1733.2232
49855,1733.2232
49883,1732.798
49885,1732.798
49886,1732.798
49917,1726.865
49918,1726.865
49919,1726.865
49948,1736.4908
49949,1736.4908
49950,1736.4908
49980,1750.8866
49982,1750.8866
49983,1750.8866
50013,1740.7852
50015,1740.7852
50016,1740.7852
50043,1727.3326
50044,1727.3326
50045,1727.3326
50077,1752.2476
50078,1752.2476
50080,1752.2476
50112,1722.0428
50113,1722.0428
50114,1722.0428
50142,1721.4126
50145,1721.4126
50146,1721.4126
50189,1748.0276
50190,1748.0276
50191,1748.0276
50220,1746.2286
50222,1746.2286
50223,1746.2286
50251,1747.109
50252,1747.109
50253,1747.109
50284,1729.242
50285,1729.242
50286,1729.242
50316,1730.6128
50318,1730.6128
50319,1730.6128
50347,1748.8794
50348,1748.8794
50349,1748.8794
50379,1791.922
50381,1791.922
50382,1791.922
50411,1722.8648
50414,1722.8648
50415,1722.8648
50444,1771.4616
50445,1771.4616
50447,1771.4616
50475,1694.573
50476,1694.573
50477,1694.573
50509,1725.6298
50510,1725.6298
50512,1725.6298
50539,1737.5904
50540,1737.5904
50541,1737.5904
50587,1761.2224
50588,1761.2224
50589,1761.2224
50620,1764.478
50621,1764.478
50623,1764.478
50656,1771.727
50658,1771.727
50659,1771.727
50686,1769.3524
50688,1769.3524
50689,1769.3524
50721,1752.86
50722,1752.86
50723,1752.86
50748,1727.1362
50749,1727.1362
50750,1727.1362
50779,1779.9676
50780,1779.9676
50781,1779.9676
50849,1772.1892
50851,1772.1892
50852,1772.1892
50875,1765.029
50876,1765.029
50877,1765.029
50907,1715.4404
50908,1715.4404
50909,1715.4404
50955,1776.3234
50956,1776.3234
50958,1776.3234
50987,1771.0062
50989,1771.0062
50990,1771.0062
51019,1714.5092
51020,1714.5092
51021,1714.5092
51051,1716.6954
51052,1716.6954
51053,1716.6954
51083,1702.7062
51084,1702.7062
51085,1702.7062
51115,1715.5456
51117,1715.5456
51118,1715.5456
51148,1762.2144
51149,1762.2144
51150,1762.2144
51179,1686.5798
51180,1686.5798
51181,1686.5798
51211,1738.615
51212,1738.615
51214,1738.615
51243,1714.5686
51246,1714.5686
51247,1714.5686
51283,1714.7286
51284,1714.7286
51285,1714.7286
51313,1729.68
51314,1729.68
51316,1729.68
51360,1711.0166
51361,1711.0166
51363,1711.0166
51390,1772.4592
51392,1772.4592
51393,1772.4592
51426,1707.3696
51427,1707.3696
51429,1707.3696
51455,1728.7234
51456,1728.7234
51457,1728.7234
51486,1743.9906
51487,1743.9906
51489,1743.9906
51519,1716.2112
51523,1716.2112
51524,1716.2112
51550,1687.0258
51552,1687.0258
51553,1687.0258
51584,1734.5486
51585,1734.5486
51587,1734.5486
51616,1714.3836
51618,1714.3836
51619,1714.3836
51644,1699.4186
51645,1699.4186
51646,1699.4186
51677,1750.503
51678,1750.503
51680,1750.503
51709,1702.511
51710,1702.511
51711,1702.511
51759,1740.4878
51761,1740.4878
51762,1740.4878
51789,1712.3624
51792,1712.3624
51793,1712.3624
51821,1690.9114
51822,1690.9114
51823,1690.9114
51852,1722.6004
51853,1722.6004
51854,1722.6004
51885,1685.1048
51886,1685.1048
51887,1685.1048
51918,1707.9544
51919,1707.9544
51920,1707.9544
51949,1719.1106
51951,1719.1106
51952,1719.1106
51983,1675.2294
51984,1675.2294
51986,1675.2294
52014,1693.8722
52015,1693.8722
52016,1693.8722
52043,1696.2378
52045,1696.2378
52046,1696.2378
52075,1742.0586
52076,1742.0586
52077,1742.0586
52109,1730.39
52110,1730.39
52112,1730.39
52158,1724.7548
52158,1724.7548
52160,1724.7548
52188,1725.1476
52189,1725.1476
52190,1725.1476
52219,1756.4946
52221,1756.4946
52222,1756.4946
52259,1748.618
52260,1748.618
52262,1748.618
52287,1711.1824
52288,1711.1824
52289,1711.1824
52318,1691.4886
52320,1691.4886
52322,1691.4886
52348,1755.5494
52350,1755.5494
52351,1755.5494
52381,1717.1616
52382,1717.1616
52383,1717.1616
52440,1724.2898
52441,1724.2898
52442,1724.2898
52630,1698.0214
52631,1698.0214
52632,1698.0214
52651,1680.3184
52653,1680.3184
52654,1680.3184
52684,1692.9614
52686,1692.9614
52687,1692.9614
52717,1737.1216
52718,1737.1216
52719,1737.1216
52748,1695.1608
52750,1695.1608
52751,1695.1608
52779,1693.6436
52780,1693.6436
52781,1693.6436
52811,1673.1478
52812,1673.1478
52813,1673.1478
52842,1708.6364
52843,1708.6364
52844,1708.6364
52874,1705.188
52875,1705.188
52876,1705.188
52922,1783.8966
52923,1783.8966
52924,1783.8966
52955,1684.858
52956,1684.858
52957,1684.858
52987,1678.4716
52988,1678.4716
52989,1678.4716
53020,1681.3404
53022,1681.3404
53024,1681.3404
53053,1730.6274
53054,1730.6274
53055,1730.6274
53083,1721.6934
53084,1721.6934
53086,1721.6934
53115,1686.0322
53116,1686.0322
53117,1686.0322
53147,1746.9844
53148,1746.9844
53149,1746.9844
53179,1701.137
53180,1701.137
53181,1701.137
53210,1692.8362
53212,1692.8362
53213,1692.8362
53242,1671.8978
53243,1671.8978
53244,1671.8978
53275,1682.0796
53277,1682.0796
53278,1682.0796
53323,1688.3136
53324,1688.3136
53325,1688.3136
53355,1717.3736
53356,1717.3736
53357,1717.3736
53388,1689.156
53388,1689.156
53389,1689.156
53418,1738.7438
53419,1738.7438
53420,1738.7438
53452,1702.5182
53453,1702.5182
53454,1702.5182
53483,1714.1338
53484,1714.1338
53485,1714.1338
53515,1691.0116
53516,1691.0116
53517,1691.0116
53547,1729.1932
53549,1729.1932
53550,1729.1932
53580,1721.601
53581,1721.601
53582,1721.601
53611,1710.6844
53612,1710.6844
53613,1710.6844
53643,1688.3894
53643,1688.3894
53645,1688.3894
53691,1711.269
53692,1711.269
53693,1711.269
53722,1765.8696
53723,1765.8696
53724,1765.8696
53755,1685.185
53756,1685.185
53757,1685.185
53786,1681.866
53788,1681.866
53789,1681.866
53818,1687.0976
53820,1687.0976
53821,1687.0976
53852,1686.9148
53853,1686.9148
53854,1686.9148
53883,1684.474
53884,1684.474
53885,1684.474
53914,1682.4844
53915,1682.4844
53916,1682.4844
53947,1726.0736
53948,1726.0736
53950,1726.0736
53979,1705.4956
53980,1705.4956
53981,1705.4956
54010,1703.8542
54012,1703.8542
54013,1703.8542
54042,1720.1598
54043,1720.1598
54045,1720.1598
54092,1679.093
54094,1679.093
54095,1679.093
54123,1720.9624
54124,1720.9624
54125,1720.9624
54156,1720.9566
54157,1720.9566
54158,1720.9566
54187,1704.5628
54188,1704.5628
54189,1704.5628
54218,1707.8764
54219,1707.8764
54220,1707.8764
54251,1751.469
54252,1751.469
54253,1751.469
54283,1746.329
54284,1746.329
54285,1746.329
54315,1677.3844
54316,1677.3844
54317,1677.3844
54347,1673.8598
54349,1673.8598
54350,1673.8598
54379,1708.9284
54380,1708.9284
54381,1708.9284
54410,1676.1654
54411,1676.1654
54413,1676.1654
54442,1706.3574
54443,1706.3574
54444,1706.3574
54491,1732.946
54492,1732.946
54493,1732.946
54523,1714.0536
54524,1714.0536
54525,1714.0536
54555,1694.8696
54556,1694.8696
54557,1694.8696
54587,1749.6242
54588,1749.6242
54589,1749.6242
54619,1757.4838
54621,1757.4838
54622,1757.4838
54652,1723.5
54653,1723.5
54654,1723.5
54683,1733.8936
54684,1733.8936
54685,1733.8936
54716,1698.279
54717,1698.279
54718,1698.279
54746,1720.0292
54748,1720.0292
54749,1720.0292
54779,1752.7366
54781,1752.7366
54782,1752.7366
54816,1745.4514
54817,1745.4514
54819,1745.4514
54861,1719.414
54862,1719.414
54863,1719.414
54893,1744.4986
54895,1744.4986
54896,1744.4986
54924,1687.8932
54925,1687.8932
54926,1687.8932
54954,1757.8622
54955,1757.8622
54957,1757.8622
54991,1684.3418
54992,1684.3418
54993,1684.3418
55020,1736.874
55022,1736.874
55023,1736.874
55055,1775.9366
55056,1775.9366
55057,1775.9366
55087,1658.01
55088,1658.01
55089,1658.01
55118,1732.6664
55119,1732.6664
55120,1732.6664
55151,1678.6684
55155,1678.6684
55156,1678.6684
55182,1675.4872
55183,1675.4872
55185,1675.4872
55212,1728.4082
55213,1728.4082
55214,1728.4082
55258,1688.8676
55259,1688.8676
55260,1688.8676
55291,1731.4068
55292,1731.4068
55293,1731.4068
55322,1662.1034
55323,1662.1034
55325,1662.1034
55354,1688.4028
55355,1688.4028
55356,1688.4028
55386,1665.475
55387,1665.475
55389,1665.475
55419,1658.5772
55421,1658.5772
55422,1658.5772
55451,1666.5722
55452,1666.5722
55453,1666.5722
55483,1650.7532
55484,1650.7532
55485,1650.7532
55515,1700.4862
55516,1700.4862
55517,1700.4862
55546,1747.6
55548,1747.6
55549,1747.6
55579,1628.7358
55580,1628.7358
55581,1628.7358
55611,1669.0262
55613,1669.0262
55614,1669.0262
55659,1654.6238
55660,1654.6238
55661,1654.6238
55691,1739.7274
55692,1739.7274
55694,1739.7274
55723,1714.74
55724,1714.74
55725,1714.74
55755,1654.3334
55756,1654.3334
55757,1654.3334
55786,1674.0372
55787,1674.0372
55788,1674.0372
55819,1630.2234
55820,1630.2234
55821,1630.2234
55852,1660.021
55853,1660.021
55854,1660.021
55884,1682.2324
55885,1682.2324
55887,1682.2324
55915,1714.9112
55916,1714.9112
55917,1714.9112
55946,1678.2526
55948,1678.2526
55949,1678.2526
55979,1630.0962
55980,1630.0962
55981,1630.0962
56027,1664.9064
56028,1664.9064
56029,1664.9064
56059,1728.7262
56060,1728.7262
56061,1728.7262
56090,1711.8078
56091,1711.8078
56092,1711.8078
56124,1665.8762
56125,1665.8762
56126,1665.8762
56155,1736.2404
56156,1736.2404
56157,1736.2404
56186,1630.4286
56187,1630.4286
56188,1630.4286
56219,1710.4028
56220,1710.4028
56221,1710.4028
56252,1675.5188
56253,1675.5188
56254,1675.5188
56283,1723.1094
56284,1723.1094
56285,1723.1094
56315,1711.1112
56315,1711.1112
56317,1711.1112
56347,1683.9672
56348,1683.9672
56349,1683.9672
56378,1665.0462
56379,1665.0462
56381,1665.0462
56426,1655.6854
56427,1655.6854
56429,1655.6854
56459,1660.1694
56460,1660.1694
56461,1660.1694
56490,1670.383
56492,1670.383
56493,1670.383
56523,1708.0418
56524,1708.0418
56525,1708.0418
56555,1712.8038
56556,1712.8038
56557,1712.8038
56586,1727.0406
56587,1727.0406
56588,1727.0406
56619,1735.1738
56620,1735.1738
56621,1735.1738
56651,1726.9982
56652,1726.9982
56653,1726.9982
56683,1719.0344
56684,1719.0344
56685,1719.0344
56714,1714.325
56715,1714.325
56716,1714.325
56746,1710.9954
56748,1710.9954
56749,1710.9954
56779,1704.74
56780,1704.74
56781,1704.74
56827,1701.1976
56828,1701.1976
56829,1701.1976
56858,1696.928
56859,1696.928
56860,1696.928
56890,1694.7118
56891,1694.7118
56892,1694.7118
56922,1694.5272
56923,1694.5272
56924,1694.5272
56954,1694.5852
56955,1694.5852
56956,1694.5852
56987,1696.6446
56988,1696.6446
56989,1696.6446
57019,1699.031
57021,1699.031
57022,1699.031
57051,1700.9922
57052,1700.9922
57053,1700.9922
57083,1703.2448
57084,1703.2448
57085,1703.2448
57115,1696.3482
57116,1696.3482
57118,1696.3482
57147,1710.3806
57148,1710.3806
57150,1710.3806
57196,1702.061
57197,1702.061
57199,1702.061
57229,1699.6798
57231,1699.6798
57232,1699.6798
57259,1697.4976
57260,1697.4976
57261,1697.4976
57290,1695.8604
57292,1695.8604
57293,1695.8604
57324,1698.6898
57325,1698.6898
57326,1698.6898
57358,1697.794
57359,1697.794
57360,1697.794
57388,1705.5404
57389,1705.5404
57390,1705.5404
57420,1698.7928
57421,1698.7928
57422,1698.7928
57453,1708.5268
57455,1708.5268
57456,1708.5268
57486,1713.4874
57487,1713.4874
57489,1713.4874
57515,1706.6948
57516,1706.6948
57517,1706.6948
57547,1703.1138
57549,1703.1138
57550,1703.1138
57595,1706.3656
57596,1706.3656
57597,1706.3656
57626,1705.7572
57627,1705.7572
57628,1705.7572
57658,1708.1278
57659,1708.1278
57660,1708.1278
57690,1710.5626
57691,1710.5626
57692,1710.5626
57722,1717.9652
57723,1717.9652
57724,1717.9652
57754,1721.0566
57755,1721.0566
57757,1721.0566
57786,1727.2252
57787,1727.2252
57788,1727.2252
57818,1731.5562
57820,1731.5562
57821,1731.5562
57851,1732.149
57852,1732.149
57853,1732.149
57882,1741.782
57884,1741.782
57885,1741.782
57914,1729.7876
57915,1729.7876
57916,1729.7876
57947,1730.361
57948,1730.361
57949,1730.361
57994,1724.9838
57995,1724.9838
57996,1724.9838
58027,1762.7202
58028,1762.7202
58029,1762.7202
58058,1727.4542
58059,1727.4542
58060,1727.4542
58090,1714.5066
58092,1714.5066
58093,1714.5066
58123,1771.126
58124,1771.126
58125,1771.126
58154,1713.5302
58155,1713.5302
58156,1713.5302
58187,1707.2994
58188,1707.2994
58189,1707.2994
58219,1726.1314
58220,1726.1314
58221,1726.1314
58251,1746.2186
58252,1746.2186
58253,1746.2186
58282,1771.987
58283,1771.987
58284,1771.987
58315,1771.4572
58316,1771.4572
58317,1771.4572
58363,1730.0686
58365,1730.0686
58366,1730.0686
58395,1739.6266
58397,1739.6266
58398,1739.6266
58426,1769.3662
58427,1769.3662
58428,1769.3662
58458,1712.6838
58459,1712.6838
58460,1712.6838
58490,1709.443
58491,1709.443
58492,1709.443
58522,1767.9634
58523,1767.9634
58524,1767.9634
58554,1767.2454
58555,1767.2454
58556,1767.2454
58587,1740.024
58588,1740.024
58589,1740.024
58619,1744.3104
58621,1744.3104
58622,1744.3104
58651,1697.81
58653,1697.81
58654,1697.81
58683,1760.9844
58684,1760.9844
58685,1760.9844
58715,1719.0966
58715,1719.0966
58716,1719.0966
58762,1707.2346
58763,1707.2346
58764,1707.2346
58794,1666.4682
58796,1666.4682
58797,1666.4682
58826,1695.144
58827,1695.144
58828,1695.144
58859,1712.3134
58860,1712.3134
58861,1712.3134
58890,1700.726
58892,1700.726
58893,1700.726
58923,1706.6042
58924,1706.6042
58925,1706.6042
58954,1704.0952
58955,1704.0952
58956,1704.0952
58986,1669.1852
58987,1669.1852
58988,1669.1852
59019,1700.4198
59020,1700.4198
59021,1700.4198
59050,1696.2224
59052,1696.2224
59053,1696.2224
59082,1670.9544
59083,1670.9544
59084,1670.9544
59115,1734.8718
59116,1734.8718
59117,1734.8718
59162,1698.2714
59164,1698.2714
59165,1698.2714
59195,1676.4652
59196,1676.4652
59197,1676.4652
59226,1666.7664
59227,1666.7664
59228,1666.7664
59259,1737.4458
59259,1737.4458
59260,1737.4458
59290,1715.3658
59291,1715.3658
59292,1715.3658
59322,1677.459
59323,1677.459
59324,1677.459
59354,1672.346
59355,1672.346
59356,1672.346
59386,1675.8492
59387,1675.8492
59388,1675.8492
59418,1677.6236
59420,1677.6236
59421,1677.6236
59451,1670.4162
59452,1670.4162
59453,1670.4162
59482,1742.2316
59483,1742.2316
59484,1742.2316
59514,1713.4642
59515,1713.4642
59516,1713.4642
59562,1687.669
59563,1687.669
59564,1687.669
59594,1699.945
59595,1699.945
59596,1699.945
59626,1691.5958
59627,1691.5958
59628,1691.5958
59659,1679.7962
59660,1679.7962
59661,1679.7962
59690,1713.6532
59692,1713.6532
59693,1713.6532
59723,1715.5286
59724,1715.5286
59725,1715.5286
59755,1671.501
59756,1671.501
59757,1671.501
59787,1676.2996
59788,1676.2996
59789,1676.2996
59820,1665.2638
59821,1665.2638
59822,1665.2638
59853,1680.0288
59854,1680.0288
59855,1680.0288
59883,1696.9082
59885,1696.9082
59886,1696.9082
59930,1672.3612
59931,1672.3612
59932,1672.3612
59962,1658.605
59964,1658.605
59965,1658.605
59996,1689.0924
59997,1689.0924
59999,1689.0924
60027,1662.1406
60028,1662.1406
60029,1662.1406
60058,1680.1116
60059,1680.1116
60060,1680.1116
60090,1669.4178
60091,1669.4178
60092,1669.4178
60122,1668.0024
60123,1668.0024
60124,1668.0024
60156,1704.5784
60157,1704.5784
60159,1704.5784
60187,1674.325
60188,1674.325
60189,1674.325
60218,1673.8834
60220,1673.8834
60221,1673.8834
60251,1670.9028
60252,1670.9028
60253,1670.9028
60283,1671.9446
60284,1671.9446
60285,1671.9446
60330,1680.7498
60331,1680.7498
60332,1680.7498
60362,1676.0404
60363,1676.0404
60364,1676.0404
60399,1731.939
60400,1731.939
60401,1731.939
60426,1708.1468
60427,1708.1468
60458,1706.031
60459,1706.031
60491,1713.1662
60492,1713.1662
60523,1703.9628
60525,1703.9628
60555,1751.1808
60556,1751.1808
60586,1678.0212
60587,1678.0212
60618,1674.7076
60619,1674.7076
60651,1686.2214
60652,1686.2214
60682,1685.964
60683,1685.964
60730,1692.2586
60731,1692.2586
60762,1685.3174
60763,1685.3174
60794,1691.3524
60795,1691.3524
60826,1707.3032
60827,1707.3032
60858,1664.8304
60859,1664.8304
60891,1695.1838
60892,1695.1838
60922,1674.5398
60924,1674.5398
60955,1729.9804
60956,1729.9804
60986,1748.4978
60987,1748.4978
61018,1667.8362
61019,1667.8362
61050,1744.3738
61051,1744.3738
61098,1709.0726
61099,1709.0726
61131,1699.7344
61132,1699.7344
61162,1728.8596
61163,1728.8596
61196,1701.1946
61197,1701.1946
61228,1695.3416
61229,1695.3416
61259,1662.983
61260,1662.983
61291,1706.0232
61292,1706.0232
61323,1667.4002
61325,1667.4002
61356,1722.0066
61357,1722.0066
61388,1722.874
61389,1722.874
61420,1657.5944
61421,1657.5944
61451,1729.4876
61453,1729.4876
61499,1698.3362
61500,1698.3362
61531,1709.462
61532,1709.462
61562,1709.8614
61563,1709.8614
61595,1662.6174
61596,1662.6174
61627,1724.105
61628,1724.105
61658,1704.3944
61659,1704.3944
61690,1673.8504
61691,1673.8504
61722,1710.2402
61724,1710.2402
61756,1657.0324
61757,1657.0324
61787,1662.7624
61788,1662.7624
61819,1667.3932
61820,1667.3932
61851,1712.6092
61853,1712.6092
61899,1717.0648
61900,1717.0648
61931,1665.9798
61932,1665.9798
61962,1687.031
61963,1687.031
61994,1664.679
61995,1664.679
62026,1700.297
62027,1700.297
62058,1698.2748
62059,1698.2748
62091,1647.5876
62092,1647.5876
62123,1688.5112
62125,1688.5112
62157,1663.647
62158,1663.647
62189,1649.7928
62190,1649.7928
62219,1698.7548
62220,1698.7548
62268,1693.688
62269,1693.688
62299,1645.677
62300,1645.677
62331,1658.6576
62332,1658.6576
62364,1695.2044
62366,1695.2044
62395,1692.5116
62396,1692.5116
62427,1665.5522
62428,1665.5522
62460,1645.2682
62461,1645.2682
62491,1678.1458
62492,1678.1458
62523,1669.5622
62526,1669.5622
62557,1690.6968
62558,1690.6968
62586,1724.1238
62587,1724.1238
62619,1699.0002
62620,1699.0002
62667,1647.4894
62668,1647.4894
62699,1656.5444
62700,1656.5444
62731,1707.544
62732,1707.544
62763,1684.175
62764,1684.175
62794,1679.3886
62795,1679.3886
62827,1699.1588
62828,1699.1588
62859,1685.7326
62860,1685.7326
62890,1675.0684
62891,1675.0684
62924,1670.7074
62925,1670.7074
62956,1689.1998
62957,1689.1998
62987,1686.5044
62988,1686.5044
63019,1667.5148
63020,1667.5148
63067,1737.716
63068,1737.716
63099,1687.287
63100,1687.287
63130,1668.653
63131,1668.653
63163,1670.9326
63164,1670.9326
63195,1671.3486
63196,1671.3486
63226,1665.699
63227,1665.699
63259,1719.3564
63260,1719.3564
63291,1686.7494
63293,1686.7494
63323,1657.2732
63324,1657.2732
63355,1711.2626
63356,1711.2626
63387,1665.3376
63388,1665.3376
63435,1676.4358
63436,1676.4358
63466,1655.5282
63467,1655.5282
63499,1660.0082
63500,1660.0082
63530,1675.0914
63531,1675.0914
63562,1661.3366
63563,1661.3366
63594,1664.2954
63595,1664.2954
63626,1670.762
63627,1670.762
63658,1660.5552
63659,1660.5552
63692,1724.1744
63694,1724.1744
63723,1683.5836
63724,1683.5836
63755,1652.9842
63756,1652.9842
63787,1689.1128
63788,1689.1128
63837,1684.6038
63838,1684.6038
63871,1657.8686
63872,1657.8686
63899,1635.452
63900,1635.452
63931,1753.7156
63932,1753.7156
63962,1731.0728
63964,1731.0728
63994,1701.1594
63995,1701.1594
64026,1760.303
64027,1760.303
64058,1729.8966
64059,1729.8966
64091,1683.433
64092,1683.433
64125,1650.143
64126,1650.143
64160,1669.877
64161,1669.877
64190,1596.5536
64191,1596.5536
64236,1640.4894
64237,1640.4894
64268,1646.1024
64269,1646.1024
64299,1666.3438
64300,1666.3438
64333,1657.3044
64334,1657.3044
64365,1673.8636
64366,1673.8636
64396,1638.396
64397,1638.396
64438,1654.2462
64439,1654.2462
64440,1654.2462
64458,1674.3348
64459,1674.3348
64461,1674.3348
64491,1670.4454
64492,1670.4454
64493,1670.4454
64524,1652.9072
64525,1652.9072
64526,1652.9072
64556,1673.0298
64558,1673.0298
64559,1673.0298
64603,1628.1408
64604,1628.1408
64605,1628.1408
64634,1665.7154
64635,1665.7154
64636,1665.7154
64666,1653.0594
64667,1653.0594
64668,1653.0594
64698,1613.687
64699,1613.687
64700,1613.687
64730,1635.4862
64731,1635.4862
64733,1635.4862
64763,1611.9628
64764,1611.9628
64765,1611.9628
64794,1766.3308
64795,1766.3308
64796,1766.3308
64826,1695.5278
64827,1695.5278
64828,1695.5278
64858,1703.0298
64859,1703.0298
64860,1703.0298
64890,1640.9618
64891,1640.9618
64892,1640.9618
64922,1757.3214
64923,1757.3214
64924,1757.3214
64954,1759.4224
64955,1759.4224
64956,1759.4224
65002,1724.551
65003,1724.551
65005,1724.551
65035,1640.7222
65036,1640.7222
65037,1640.7222
65066,1677.1212
65067,1677.1212
65068,1677.1212
65098,1622.5612
65099,1622.5612
65100,1622.5612
65130,1691.0578
65131,1691.0578
65133,1691.0578
65162,1647.7594
65163,1647.7594
65164,1647.7594
65194,1641.845
65195,1641.845
65197,1641.845
65226,1657.4836
65227,1657.4836
65228,1657.4836
65262,1734.3032
65263,1734.3032
65265,1734.3032
65291,1708.4956
65292,1708.4956
65293,1708.4956
65322,1782.349
65323,1782.349
65324,1782.349
65354,1642.8268
65355,1642.8268
65356,1642.8268
65402,1695.2726
65403,1695.2726
65404,1695.2726
65434,1816.1856
65435,1816.1856
65436,1816.1856
65466,1656.593
65467,1656.593
65468,1656.593
65498,1682.899
65500,1682.899
65501,1682.899
65530,1645.7692
65532,1645.7692
65533,1645.7692
65563,1667.757
65564,1667.757
65565,1667.757
65595,1667.1396
65596,1667.1396
65597,1667.1396
65626,1721.0906
65627,1721.0906
65628,1721.0906
65658,1789.1922
65659,1789.1922
65660,1789.1922
65690,1666.6348
65691,1666.6348
65692,1666.6348
65722,1660.3106
65723,1660.3106
65724,1660.3106
65770,1668.3716
65771,1668.3716
65772,1668.3716
65802,1718.8988
65804,1718.8988
65805,1718.8988
65835,1727.4628
65836,1727.4628
65837,1727.4628
65866,1668.461
65867,1668.461
65868,1668.461
65898,1732.9678
65899,1732.9678
65900,1732.9678
65930,1720.9792
65931,1720.9792
65932,1720.9792
65962,1714.8416
65963,1714.8416
65964,1714.8416
65994,1773.6698
65995,1773.6698
65996,1773.6698
66027,1727.9984
66028,1727.9984
66029,1727.9984
66059,1674.4754
66060,1674.4754
66061,1674.4754
66091,1725.07
66092,1725.07
66093,1725.07
66122,1757.3688
66123,1757.3688
66124,1757.3688
66170,1767.736
66171,1767.736
66172,1767.736
66202,1773.6554
66203,1773.6554
66204,1773.6554
66235,1769.458
66236,1769.458
66237,1769.458
66266,1728.545
66267,1728.545
66268,1728.545
66298,1724.2618
66299,1724.2618
66301,1724.2618
66331,1737.1288
66332,1737.1288
66333,1737.1288
66362,1722.9376
66363,1722.9376
66364,1722.9376
66394,1702.4634
66395,1702.4634
66396,1702.4634
66426,1721.7924
66427,1721.7924
66428,1721.7924
66458,1722.519
66459,1722.519
66460,1722.519
66490,1772.3332
66491,1772.3332
66492,1772.3332
66522,1748.93
66523,1748.93
66524,1748.93
66570,1772.0984
66572,1772.0984
66573,1772.0984
66603,1783.6798
66604,1783.6798
66605,1783.6798
66635,1764.1308
66636,1764.1308
66637,1764.1308
66666,1772.3024
66667,1772.3024
66668,1772.3024
66698,1708.6986
66699,1708.6986
66700,1708.6986
66730,1694.4296
66731,1694.4296
66732,1694.4296
66762,1757.292
66763,1757.292
66764,1757.292
66794,1769.0364
66795,1769.0364
66796,1769.0364
66826,1766.7342
66828,1766.7342
66829,1766.7342
66859,1655.3392
66860,1655.3392
66861,1655.3392
66890,1655.7844
66891,1655.7844
66892,1655.7844
66922,1769.7774
66923,1769.7774
66924,1769.7774
66970,1785.4224
66971,1785.4224
66972,1785.4224
67002,1642.3702
67003,1642.3702
67004,1642.3702
67034,1633.7342
67035,1633.7342
67036,1633.7342
67066,1722.6992
67067,1722.6992
67068,1722.6992
67098,1615.1642
67100,1615.1642
67101,1615.1642
67131,1689.7366
67132,1689.7366
67133,1689.7366
67162,1683.178
67163,1683.178
67164,1683.178
67194,1793.0302
67195,1793.0302
67196,1793.0302
67226,1775.9704
67227,1775.9704
67228,1775.9704
67258,1769.0732
67259,1769.0732
67260,1769.0732
67291,1761.9244
67292,1761.9244
67293,1761.9244
67338,1690.8878
67339,1690.8878
67340,1690.8878
67370,1784.128
67372,1784.128
67373,1784.128
67403,1637.496
67404,1637.496
67405,1637.496
67434,1777.0344
67435,1777.0344
67436,1777.0344
67466,1703.8486
67467,1703.8486
67468,1703.8486
67498,1661.7136
67499,1661.7136
67500,1661.7136
67530,1743.0714
67531,1743.0714
67532,1743.0714
67563,1690.653
67564,1690.653
67565,1690.653
67594,1725.2614
67595,1725.2614
67596,1725.2614
67626,1699.8422
67628,1699.8422
67629,1699.8422
67658,1671.4366
67659,1671.4366
67660,1671.4366
67690,1676.5042
67691,1676.5042
67692,1676.5042
67738,1679.0366
67739,1679.0366
67740,1679.0366
67770,1685.9704
67771,1685.9704
67772,1685.9704
67802,1725.8058
67803,1725.8058
67804,1725.8058
67834,1693.0118
67835,1693.0118
67836,1693.0118
67866,1678.3348
67867,1678.3348
67868,1678.3348
67899,1707.8294
67900,1707.8294
67901,1707.8294
67931,1706.8208
67932,1706.8208
67933,1706.8208
67962,1710.716
67963,1710.716
67964,1710.716
67994,1647.3288
67995,1647.3288
67996,1647.3288
68026,1666.062
68027,1666.062
68028,1666.062
68058,1646.7704
68059,1646.7704
68060,1646.7704
68090,1660.5748
68091,1660.5748
68092,1660.5748
68138,1702.5836
68139,1702.5836
68140,1702.5836
68171,1740.965
68172,1740.965
68173,1740.965
68203,1702.1354
68204,1702.1354
68205,1702.1354
68234,1674.3356
68235,1674.3356
68236,1674.3356
68266,1676.9406
68267,1676.9406
68268,1676.9406
68298,1655.5342
68299,1655.5342
68300,1655.5342
68330,1657.0134
68331,1657.0134
68332,1657.0134
68362,1726.872
68363,1726.872
68364,1726.872
68394,1715.8628
68395,1715.8628
68396,1715.8628
68427,1657.884
68428,1657.884
68429,1657.884
68459,1656.956
68460,1656.956
68461,1656.956
68506,1689.4406
68507,1689.4406
68508,1689.4406
68538,1679.7702
68539,1679.7702
68540,1679.7702
68570,1669.9134
68571,1669.9134
68572,1669.9134
68602,1684.7582
68603,1684.7582
68604,1684.7582
68634,1671.5696
68635,1671.5696
68636,1671.5696
68666,1702.3588
68667,1702.3588
68668,1702.3588
68699,1693.0226
68700,1693.0226
68701,1693.0226
68731,1677.9008
68732,1677.9008
68733,1677.9008
68764,1692.4348
68765,1692.4348
68766,1692.4348
68794,1678.131
68795,1678.131
68796,1678.131
68827,1678.9758
68828,1678.9758
68829,1678.9758
68858,1686.2128
68859,1686.2128
68860,1686.2128
68906,1688.846
68907,1688.846
68908,1688.846
68938,1685.8376
68939,1685.8376
68940,1685.8376
68970,1662.1716
68971,1662.1716
68972,1662.1716
69004,1688.8222
69005,1688.8222
69006,1688.8222
69034,1676.0406
69035,1676.0406
69036,1676.0406
69066,1680.123
69067,1680.123
69068,1680.123
69098,1691.3426
69099,1691.3426
69100,1691.3426
69130,1686.7448
69131,1686.7448
69132,1686.7448
69162,1667.8104
69163,1667.8104
69164,1667.8104
69194,1679.5002
69195,1679.5002
69197,1679.5002
69227,1667.1506
69228,1667.1506
69229,1667.1506
69258,1706.9498
69259,1706.9498
69260,1706.9498
69306,1665.764
69307,1665.764
69308,1665.764
69338,1697.834
69339,1697.834
69340,1697.834
69370,1678.4084
69371,1678.4084
69372,1678.4084
69402,1693.1908
69403,1693.1908
69404,1693.1908
69434,1679.1464
69435,1679.1464
69436,1679.1464
69466,1684.3144
69467,1684.3144
69469,1684.3144
69499,1666.6044
69500,1666.6044
69501,1666.6044
69530,1675.0952
69531,1675.0952
69532,1675.0952
69563,1665.7342
69564,1665.7342
69564,1665.7342
69594,1672.7146
69595,1672.7146
69596,1672.7146
69626,1669.2348
69627,1669.2348
69628,1669.2348
69675,1670.154
69676,1670.154
69677,1670.154
69706,1669.3446
69707,1669.3446
69708,1669.3446
69739,1672.7084
69740,1672.7084
69742,1672.7084
69771,1707.3942
69772,1707.3942
69773,1707.3942
69802,1677.023
69803,1677.023
69804,1677.023
69834,1724.5296
69835,1724.5296
69836,1724.5296
69866,1633.645
69867,1633.645
69868,1633.645
69898,1636.6618
69899,1636.6618
69900,1636.6618
69930,1702.7878
69931,1702.7878
69933,1702.7878
69962,1703.254
69963,1703.254
69964,1703.254
69994,1701.6872
69995,1701.6872
69997,1701.6872
70027,1700.298
70028,1700.298
70029,1700.298
70074,1703.239
70075,1703.239
70076,1703.239
70106,1698.694
70107,1698.694
70108,1698.694
70138,1692.1938
70139,1692.1938
70140,1692.1938
70170,1692.9334
70171,1692.9334
70172,1692.9334
70202,1698.044
70203,1698.044
70204,1698.044
70234,1794.268
70235,1794.268
70236,1794.268
70266,1773.854
70268,1773.854
70269,1773.854
70299,1793.2364
70300,1793.2364
70301,1793.2364
70330,1779.1364
70331,1779.1364
70332,1779.1364
70362,1778.573
70363,1778.573
70364,1778.573
70394,1798.1878
70395,1798.1878
70396,1798.1878
70426,1781.221
70427,1781.221
70428,1781.221
70474,1779.1198
70475,1779.1198
70476,1779.1198
70506,1644.6624
70507,1644.6624
70508,1644.6624
70538,1766.1274
70540,1766.1274
70541,1766.1274
70571,1641.3158
70572,1641.3158
70573,1641.3158
70602,1781.9418
70603,1781.9418
70604,1781.9418
70634,1702.0386
70635,1702.0386
70636,1702.0386
70666,1636.2038
70667,1636.2038
70668,1636.2038
70698,1785.9312
70699,1785.9312
70701,1785.9312
70730,1785.7304
70731,1785.7304
70732,1785.7304
70762,1712.245
70763,1712.245
70764,1712.245
70794,1709.5906
70796,1709.5906
70797,1709.5906
70843,1708.2086
70844,1708.2086
70845,1708.2086
70875,1798.2906
70876,1798.2906
70877,1798.2906
70906,1771.956
70907,1771.956
70908,1771.956
70938,1716.3782
70939,1716.3782
70940,1716.3782
70970,1723.5346
70971,1723.5346
70972,1723.5346
71002,1730.3886
71003,1730.3886
71004,1730.3886
71034,1693.945
71035,1693.945
71036,1693.945
71066,1764.6308
71068,1764.6308
71069,1764.6308
71099,1771.3654
71100,1771.3654
71101,1771.3654
71130,1780.9306
71131,1780.9306
71132,1780.9306
71162,1777.834
71163,1777.834
71164,1777.834
71194,1789.1132
71195,1789.1132
71196,1789.1132
71242,1715.29
71243,1715.29
71244,1715.29
71274,1699.8288
71275,1699.8288
71276,1699.8288
71306,1790.1858
71308,1790.1858
71309,1790.1858
71338,1752.7984
71340,1752.7984
71341,1752.7984
71370,1725.149
71372,1725.149
71373,1725.149
71402,1771.6418
71403,1771.6418
71404,1771.6418
71434,1708.8094
71435,1708.8094
71436,1708.8094
71466,1636.33
71467,1636.33
71468,1636.33
71498,1781.6634
71499,1781.6634
71500,1781.6634
71530,1765.2874
71531,1765.2874
71532,1765.2874
71562,1710.3242
71563,1710.3242
71564,1710.3242
71595,1696.8982
71596,1696.8982
71597,1696.8982
71642,1707.3436
71644,1707.3436
71645,1707.3436
71674,1702.1008
71675,1702.1008
71676,1702.1008
71706,1770.8666
71707,1770.8666
71708,1770.8666
71738,1692.744
71739,1692.744
71740,1692.744
71770,1697.7926
71771,1697.7926
71772,1697.7926
71802,1704.0586
71803,1704.0586
71804,1704.0586
71834,1746.5094
71835,1746.5094
71836,1746.5094
71867,1781.5196
71868,1781.5196
71869,1781.5196
71899,1782.6838
71900,1782.6838
71901,1782.6838
71930,1622.0018
71931,1622.0018
71932,1622.0018
71961,1774.499
71962,1774.499
71963,1774.499
72010,1652.2834
72011,1652.2834
72012,1652.2834
72042,1652.7136
72043,1652.7136
72044,1652.7136
72074,1652.3406
72075,1652.3406
72076,1652.3406
72106,1644.125
72107,1644.125
72108,1644.125
72139,1657.5742
72140,1657.5742
72141,1657.5742
72171,1669.7512
72172,1669.7512
72173,1669.7512
72202,1716.0544
72203,1716.0544
72204,1716.0544
72235,1765.432
72236,1765.432
72237,1765.432
72266,1791.1724
72267,1791.1724
72268,1791.1724
72298,1767.323
72299,1767.323
72300,1767.323
72330,1780.751
72331,1780.751
72332,1780.751
72362,1727.5704
72363,1727.5704
72364,1727.5704
72410,1760.0196
72412,1760.0196
72413,1760.0196
72443,1708.6522
72444,1708.6522
72445,1708.6522
72474,1661.9978
72475,1661.9978
72476,1661.9978
72506,1711.4386
72507,1711.4386
72508,1711.4386
72538,1701.6802
72539,1701.6802
72540,1701.6802
72570,1730.1092
72571,1730.1092
72573,1730.1092
72602,1683.4574
72603,1683.4574
72604,1683.4574
72634,1733.9308
72635,1733.9308
72636,1733.9308
72666,1712.2644
72667,1712.2644
72668,1712.2644
72698,1704.4212
72699,1704.4212
72700,1704.4212
72730,1715.5594
72731,1715.5594
72732,1715.5594
72761,1720.2292
72762,1720.2292
72763,1720.2292
72810,1723.137
72811,1723.137
72812,1723.137
72842,1737.0494
72843,1737.0494
72844,1737.0494
72874,1734.5274
72875,1734.5274
72876,1734.5274
72906,1736.464
72907,1736.464
72908,1736.464
72938,1735.4172
72939,1735.4172
72940,1735.4172
72970,1733.8406
72971,1733.8406
72972,1733.8406
73002,1730.341
73003,1730.341
73004,1730.341
73034,1730.1008
73035,1730.1008
73036,1730.1008
73065,1727.5664
73066,1727.5664
73067,1727.5664
73099,1723.991
73100,1723.991
73101,1723.991
73129,1724.2316
73130,1724.2316
73132,1724.2316
73162,1719.2032
73163,1719.2032
73165,1719.2032
73210,1718.643
73211,1718.643
73212,1718.643
73241,1716.4624
73242,1716.4624
73243,1716.4624
73273,1715.9418
73274,1715.9418
73275,1715.9418
73305,1717.573
73307,1717.573
73308,1717.573
73338,1717.5914
73339,1717.5914
73340,1717.5914
73372,1717.7792
73373,1717.7792
73375,1717.7792
73401,1720.512
73402,1720.512
73403,1720.512
73433,1720.7356
73434,1720.7356
73436,1720.7356
73466,1719.5978
73467,1719.5978
73468,1719.5978
73497,1722.072
73498,1722.072
73499,1722.072
73529,1723.138
73530,1723.138
73531,1723.138
73577,1723.1002
73578,1723.1002
73579,1723.1002
73609,1725.701
73610,1725.701
73611,1725.701
73641,1725.624
73642,1725.624
73643,1725.624
73673,1727.8892
73674,1727.8892
73675,1727.8892
73705,1727.7546
73707,1727.7546
73708,1727.7546
73738,1724.8964
73739,1724.8964
73740,1724.8964
73769,1727.3868
73770,1727.3868
73771,1727.3868
73801,1730.157
73802,1730.157
73803,1730.157
73834,1730.5848
73835,1730.5848
73836,1730.5848
73865,1732.0514
73866,1732.0514
73867,1732.0514
73897,1734.5638
73898,1734.5638
73899,1734.5638
73930,1736.759
73931,1736.759
73932,1736.759
73978,1736.6408
73980,1736.6408
73981,1736.6408
74011,1737.8086
74012,1737.8086
74014,1737.8086
74041,1740.6338
74042,1740.6338
74043,1740.6338
74073,1740.3544
74074,1740.3544
74075,1740.3544
74105,1736.3936
74106,1736.3936
74107,1736.3936
74137,1737.1968
74138,1737.1968
74139,1737.1968
74169,1740.1718
74170,1740.1718
74171,1740.1718
74201,1738.098
74202,1738.098
74204,1738.098
74233,1743.7868
74234,1743.7868
74235,1743.7868
74265,1739.8518
74266,1739.8518
74267,1739.8518
74297,1752.1812
74298,1752.1812
74299,1752.1812
74330,1731.5206
74331,1731.5206
74332,1731.5206
74377,1723.0316
74378,1723.0316
74379,1723.0316
74409,1725.9088
74410,1725.9088
74411,1725.9088
74441,1738.6598
74442,1738.6598
74443,1738.6598
74473,1724.2856
74475,1724.2856
74476,1724.2856
74506,1725.102
74507,1725.102
74508,1725.102
74537,1733.9632
74538,1733.9632
74539,1733.9632
74569,1723.6102
74570,1723.6102
74571,1723.6102
74601,1718.8884
74602,1718.8884
74603,1718.8884
74633,1719.5914
74634,1719.5914
74635,1719.5914
74665,1723.2074
74666,1723.2074
74667,1723.2074
74697,1722.1064
74698,1722.1064
74699,1722.1064
74745,1718.574
74747,1718.574
74748,1718.574
74778,1721.287
74779,1721.287
74780,1721.287
74809,1736.5696
74810,1736.5696
74811,1736.5696
74842,1722.8882
74843,1722.8882
74844,1722.8882
74874,1714.4196
74875,1714.4196
74876,1714.4196
74907,1711.9406
74908,1711.9406
74909,1711.9406
74937,1717.5132
74938,1717.5132
74939,1717.5132
74969,1728.1338
74970,1728.1338
74971,1728.1338
75002,1728.2074
75003,1728.2074
75004,1728.2074
75034,1720.2224
75035,1720.2224
75036,1720.2224
75065,1731.1944
75066,1731.1944
75067,1731.1944
75098,1730.799
75099,1730.799
75100,1730.799
75146,1734.041
75147,1734.041
75148,1734.041
75177,1734.0764
75178,1734.0764
75179,1734.0764
75210,1735.215
75211,1735.215
75212,1735.215
75242,1727.8316
75243,1727.8316
75244,1727.8316
75274,1720.758
75275,1720.758
75276,1720.758
75306,1726.9182
75307,1726.9182
75308,1726.9182
75338,1733.8442
75339,1733.8442
75340,1733.8442
75370,1741.1332
75370,1741.1332
75371,1741.1332
75402,1741.7332
75403,1741.7332
75404,1741.7332
75434,1733.591
75435,1733.591
75436,1733.591
75465,1743.2718
75466,1743.2718
75467,1743.2718
75498,1736.4704
75499,1736.4704
75500,1736.4704
75546,1729.2884
75548,1729.2884
75550,1729.2884
75578,1740.3372
75579,1740.3372
75580,1740.3372
75609,1733.8628
75610,1733.8628
75611,1733.8628
75641,1733.565
75642,1733.565
75643,1733.565
75673,1717.967
75674,1717.967
75675,1717.967
75706,1731.4572
75707,1731.4572
75708,1731.4572
75738,1739.5486
75739,1739.5486
75740,1739.5486
75769,1737.3106
75770,1737.3106
75771,1737.3106
75803,1735.8782
75804,1735.8782
75805,1735.8782
75834,1727.1526
75836,1727.1526
75837,1727.1526
75865,1737.013
75866,1737.013
75867,1737.013
75914,1731.3154
75915,1731.3154
75916,1731.3154
75946,1722.5648
75947,1722.5648
75948,1722.5648
75978,1735.1856
75979,1735.1856
75980,1735.1856
76010,1732.8786
76011,1732.8786
76012,1732.8786
76042,1735.5482
76043,1735.5482
76045,1735.5482
76075,1738.36
76076,1738.36
76077,1738.36
76107,1722.544
76108,1722.544
76109,1722.544
76138,1733.3094
76139,1733.3094
76140,1733.3094
76170,1723.0304
76171,1723.0304
76172,1723.0304
76202,1722.9554
76203,1722.9554
76204,1722.9554
76234,1723.9098
76235,1723.9098
76236,1723.9098
76265,1724.3258
76267,1724.3258
76268,1724.3258
76316,1729.6088
76318,1729.6088
76319,1729.6088
76347,1729.6642
76348,1729.6642
76349,1729.6642
76378,1728.3544
76379,1728.3544
76380,1728.3544
76411,1746.0866
76412,1746.0866
76413,1746.0866
76442,1744.8854
76443,1744.8854
76444,1744.8854
76475,1729.2476
76476,1729.2476
76477,1729.2476
76513,1739.7148
76514,1739.7148
76515,1739.7148
76538,1728.9862
76539,1728.9862
76570,1733.3896
76572,1733.3896
76603,1722.762
76605,1722.762
76634,1733.5126
76635,1733.5126
76666,1747.5822
76667,1747.5822
76716,1734.301
76717,1734.301
76746,1726.6994
76747,1726.6994
76777,1736.3542
76778,1736.3542
76810,1722.4142
76811,1722.4142
76842,1728.3636
76843,1728.3636
76874,1726.2422
76875,1726.2422
76905,1722.6526
76906,1722.6526
76938,1732.8938
76939,1732.8938
76971,1730.9472
76972,1730.9472
77003,1738.2786
77004,1738.2786
77034,1737.8112
77035,1737.8112
77082,1741.0782
77083,1741.0782
77113,1737.2242
77114,1737.2242
77146,1741.9194
77147,1741.9194
77178,1732.5178
77179,1732.5178
77211,1712.6926
77212,1712.6926
77242,1717.5918
77243,1717.5918
77274,1710.1306
77275,1710.1306
77306,1713.4406
77307,1713.4406
77338,1738.1794
77339,1738.1794
77372,1744.5872
77373,1744.5872
77406,1724.8986
77407,1724.8986
77435,1741.882
77436,1741.882
77482,1738.006
77483,1738.006
77513,1749.2004
77514,1749.2004
77545,1718.0402
77546,1718.0402
77578,1720.0968
77579,1720.0968
77610,1711.5
77611,1711.5
77642,1700.0366
77643,1700.0366
77674,1703.4454
77675,1703.4454
77707,1719.0158
77708,1719.0158
77738,1739.231
77739,1739.231
77771,1706.203
77772,1706.203
77803,1717.8468
77805,1717.8468
77834,1736.9402
77835,1736.9402
77883,1741.2042
77884,1741.2042
77914,1736.433
77915,1736.433
77945,1731.8008
77946,1731.8008
77978,1715.7752
77979,1715.7752
78010,1743.0188
78011,1743.0188
78042,1750.1204
78043,1750.1204
78075,1738.9232
78076,1738.9232
78107,1745.4172
78108,1745.4172
78138,1734.2348
78139,1734.2348
78170,1737.6202
78171,1737.6202
78202,1719.356
78203,1719.356
78249,1689.561
78251,1689.561
78282,1719.0774
78283,1719.0774
78313,1717.3104
78314,1717.3104
78346,1712.9522
78347,1712.9522
78378,1702.7096
78379,1702.7096
78410,1719.1644
78411,1719.1644
78442,1695.2802
78443,1695.2802
78474,1694.0782
78475,1694.0782
78505,1701.3882
78506,1701.3882
78538,1713.6764
78539,1713.6764
78570,1722.2772
78571,1722.2772
78603,1717.8118
78604,1717.8118
78650,1722.9162
78651,1722.9162
78682,1729.956
78683,1729.956
78713,1763.235
78714,1763.235
78746,1749.0436
78747,1749.0436
78778,1733.5198
78779,1733.5198
78809,1739.1776
78810,1739.1776
78842,1745.0046
78843,1745.0046
78874,1746.738
78875,1746.738
78906,1746.3112
78907,1746.3112
78938,1737.9984
78939,1737.9984
78970,1748.6156
78971,1748.6156
79001,1751.58
79002,1751.58
79049,1750.2018
79050,1750.2018
79081,1751.4408
79082,1751.4408
79113,1746.751
79114,1746.751
79145,1749.8764
79146,1749.8764
79177,1748.9912
79178,1748.9912
79211,1750.7
79212,1750.7
79242,1748.3432
79243,1748.3432
79274,1749.314
79275,1749.314
79306,1743.913
79307,1743.913
79340,1749.6594
79341,1749.6594
79371,1746.7002
79372,1746.7002
79418,1751.0746
79419,1751.0746
79450,1745.716
79451,1745.716
79482,1747.2966
79483,1747.2966
79513,1747.6872
79514,1747.6872
79545,1749.3752
79547,1749.3752
79578,1750.6102
79579,1750.6102
79611,1747.1982
79613,1747.1982
79642,1748.5166
79643,1748.5166
79673,1745.0214
79675,1745.0214
79707,1746.7584
79709,1746.7584
79743,1747.017
79745,1747.017
79773,1748.4922
79774,1748.4922
79818,1750.0686
79819,1750.0686
79851,1740.7246
79852,1740.7246
79882,1739.7656
79883,1739.7656
79914,1730.3482
79916,1730.3482
79946,1737.0994
79947,1737.0994
79978,1734.0036
79979,1734.0036
80010,1726.262
80011,1726.262
80042,1725.9198
80043,1725.9198
80075,1721.4446
80076,1721.4446
80107,1713.1854
80108,1713.1854
80139,1705.8498
80140,1705.8498
80170,1749.7662
80171,1749.7662
80219,1730.8358
80220,1730.8358
80250,1724.4644
80251,1724.4644
80281,1749.8664
80283,1749.8664
80314,1752.4376
80315,1752.4376
80346,1714.1424
80347,1714.1424
80377,1757.796
80378,1757.796
80409,1762.5222
80410,1762.5222
80442,1736.116
80443,1736.116
80473,1745.2538
80475,1745.2538
80506,1736.8254
80507,1736.8254
80537,1726.2146
80538,1726.2146
80569,1739.162
80570,1739.162
80618,1704.148
80619,1704.148
80649,1736.1534
80650,1736.1534
80683,1742.0116
80684,1742.0116
80713,1685.2616
80714,1685.2616
80746,1689.0842
80747,1689.0842
80778,1690.1634
80779,1690.1634
80809,1665.3674
80810,1665.3674
80842,1747.2112
80843,1747.2112
80875,1686.2558
80876,1686.2558
80906,1653.5814
80907,1653.5814
80937,1686.069
80938,1686.069
80986,1667.9136
80987,1667.9136
81018,1638.2002
81018,1638.2002
81050,1621.3772
81050,1621.3772
81081,1598.5972
81082,1598.5972
81114,1651.4032
81115,1651.4032
81146,1750.4204
81147,1750.4204
81177,1751.6772
81178,1751.6772
81210,1750.8046
81211,1750.8046
81242,1792.3614
81243,1792.3614
81274,1901.1878
81275,1901.1878
81307,1909.1276
81308,1909.1276
81338,1926.6486
81340,1926.6486
81386,2017.6334
81387,2017.6334
81417,1705.477
81418,1705.477
81449,1707.5348
81451,1707.5348
81481,1756.5156
81482,1756.5156
81513,1665.0098
81514,1665.0098
81546,1793.996
81547,1793.996
81577,1716.1134
81578,1716.1134
81610,1779.6928
81611,1779.6928
81644,1744.7696
81645,1744.7696
81675,1715.283
81676,1715.283
81705,1785.019
81706,1785.019
81738,1705.1554
81739,1705.1554
81785,1752.1524
81786,1752.1524
81817,1766.668
81818,1766.668
81850,1824.2938
81851,1824.2938
81882,1745.0294
81883,1745.0294
81915,1814.0588
81916,1814.0588
81946,1765.7242
81947,1765.7242
81978,1753.4928
81979,1753.4928
82009,1783.8376
82011,1783.8376
82042,1811.47
82043,1811.47
82073,1821.941
82074,1821.941
82105,1789.6668
82106,1789.6668
82153,1848.553
82154,1848.553
82185,1807.7926
82186,1807.7926
82217,1850.6184
82218,1850.6184
82249,1835.138
82250,1835.138
82281,1779.8406
82282,1779.8406
82313,1842.9846
82314,1842.9846
82345,1773.4834
82346,1773.4834
82377,1745.2126
82378,1745.2126
82409,1848.6854
82411,1848.6854
82442,1806.6724
82443,1806.6724
82473,1818.017
82474,1818.017
82505,1786.665
82506,1786.665
82553,1825.5538
82554,1825.5538
82585,1835.1582
82586,1835.1582
82617,1792.3796
82618,1792.3796
82650,1783.8818
82651,1783.8818
82681,1790.671
82683,1790.671
82713,1815.434
82714,1815.434
82745,1829.5602
82746,1829.5602
82777,1829.1924
82778,1829.1924
82809,1839.8838
82811,1839.8838
82842,1790.2042
82843,1790.2042
82874,1857.4746
82875,1857.4746
82905,1884.738
82906,1884.738
82953,1879.741
82954,1879.741
82986,1817.0374
82987,1817.0374
83017,1839.2308
83018,1839.2308
83049,1791.207
83050,1791.207
83081,1842.7604
83082,1842.7604
83113,1845.426
83114,1845.426
83145,1842.0714
83146,1842.0714
83177,1806.5898
83178,1806.5898
83209,1844.0342
83211,1844.0342
83242,1976.8644
83243,1976.8644
83273,1887.0036
83274,1887.0036
83322,2045.343
83323,2045.343
83353,1618.6288
83354,1618.6288
83385,1754.556
83386,1754.556
83417,1708.7244
83418,1708.7244
83450,1689.0206
83451,1689.0206
83481,1699.7828
83482,1699.7828
83524,1709.5986
83525,1709.5986
83526,1709.5986
83546,1709.9558
83547,1709.9558
83548,1709.9558
83578,1711.3874
83580,1711.3874
83580,1711.3874
83610,1711.0808
83611,1711.0808
83612,1711.0808
83642,1709.1072
83643,1709.1072
83644,1709.1072
83673,1712.6958
83674,1712.6958
83675,1712.6958
83721,1712.378
83722,1712.378
83723,1712.378
83753,1709.5966
83754,1709.5966
83755,1709.5966
83785,1712.4894
83786,1712.4894
83787,1712.4894
83817,1710.1692
83818,1710.1692
83820,1710.1692
83850,1712.0194
83851,1712.0194
83852,1712.0194
83881,1711.4392
83882,1711.4392
83883,1711.4392
83913,1712.383
83914,1712.383
83915,1712.383
83946,1711.923
83947,1711.923
83948,1711.923
83977,1712.014
83978,1712.014
83979,1712.014
84009,1716.7038
84010,1716.7038
84011,1716.7038
84041,1711.33
84043,1711.33
84044,1711.33
84073,1713.4492
84075,1713.4492
84076,1713.4492
84122,1711.6186
84123,1711.6186
84124,1711.6186
84153,1711.8948
84154,1711.8948
84155,1711.8948
84185,1711.921
84186,1711.921
84187,1711.921
84217,1712.622
84218,1712.622
84219,1712.622
84249,1711.2872
84250,1711.2872
84251,1711.2872
84281,1710.7756
84282,1710.7756
84283,1710.7756
84313,1713.5396
84314,1713.5396
84315,1713.5396
84346,1711.5078
84347,1711.5078
84348,1711.5078
84378,1712.4026
84379,1712.4026
84380,1712.4026
84409,1714.4824
84410,1714.4824
84411,1714.4824
84441,1714.5538
84442,1714.5538
84443,1714.5538
84489,1714.3586
84490,1714.3586
84491,1714.3586
84521,1714.5564
84522,1714.5564
84523,1714.5564
84567,1717.2534
84568,1717.2534
84569,1717.2534
84570,1717.2534
84585,1715.176
84588,1715.176
84589,1715.176
84590,1715.176
84618,1714.8496
84619,1714.8496
84620,1714.8496
84621,1714.8496
84649,1718.061
84650,1718.061
84651,1718.061
84652,1718.061
84682,1718.2082
84683,1718.2082
84684,1718.2082
84685,1718.2082
84713,1716.4692
84714,1716.4692
84715,1716.4692
84716,1716.4692
84745,1716.0074
84746,1716.0074
84747,1716.0074
84748,1716.0074
84778,1718.75
84779,1718.75
84780,1718.75
84781,1718.75
84810,1718.7742
84811,1718.7742
84812,1718.7742
84813,1718.7742
84841,1716.7568
84842,1716.7568
84843,1716.7568
84844,1716.7568
84890,1717.501
84891,1717.501
84892,1717.501
84893,1717.501
84921,1720.2162
84922,1720.2162
84923,1720.2162
84924,1720.2162
84953,1719.8288
84954,1719.8288
84955,1719.8288
84957,1719.8288
84987,1719.8222
84988,1719.8222
84989,1719.8222
84990,1719.8222
85017,1717.955
85018,1717.955
85019,1717.955
85020,1717.955
85049,1719.5598
85050,1719.5598
85051,1719.5598
85052,1719.5598
85081,1718.8702
85082,1718.8702
85083,1718.8702
85084,1718.8702
85113,1721.6958
85114,1721.6958
85116,1721.6958
85117,1721.6958
85145,1718.4316
85146,1718.4316
85148,1718.4316
85149,1718.4316
85178,1720.9544
85179,1720.9544
85180,1720.9544
85181,1720.9544
85209,1720.8584
85210,1720.8584
85211,1720.8584
85212,1720.8584
85241,1719.0806
85242,1719.0806
85243,1719.0806
85244,1719.0806
85289,1718.1034
85290,1718.1034
85292,1718.1034
85293,1718.1034
85321,1717.3506
85322,1717.3506
85323,1717.3506
85324,1717.3506
85353,1720.36
85355,1720.36
85356,1720.36
85357,1720.36
85386,1716.9568
85387,1716.9568
85388,1716.9568
85389,1716.9568
85417,1716.4092
85418,1716.4092
85419,1716.4092
85420,1716.4092
85449,1718.4486
85450,1718.4486
85451,1718.4486
85452,1718.4486
85481,1718.0584
85482,1718.0584
85483,1718.0584
85484,1718.0584
85513,1717.2014
85514,1717.2014
85515,1717.2014
85516,1717.2014
85547,1719.8666
85548,1719.8666
85549,1719.8666
85550,1719.8666
85578,1718.0396
85579,1718.0396
85580,1718.0396
85581,1718.0396
85611,1718.8834
85612,1718.8834
85613,1718.8834
85614,1718.8834
85658,1720.3844
85659,1720.3844
85660,1720.3844
85661,1720.3844
85689,1721.7168
85691,1721.7168
85692,1721.7168
85693,1721.7168
85721,1721.7332
85722,1721.7332
85723,1721.7332
85725,1721.7332
85754,1723.5116
85755,1723.5116
85756,1723.5116
85757,1723.5116
85785,1722.7198
85786,1722.7198
85787,1722.7198
85788,1722.7198
85817,1722.9738
85818,1722.9738
85819,1722.9738
85820,1722.9738
85849,1724.1984
85850,1724.1984
85851,1724.1984
85852,1724.1984
85882,1725.707
85883,1725.707
85884,1725.707
85885,1725.707
85913,1725.1296
85914,1725.1296
85916,1725.1296
85917,1725.1296
85946,1725.638
85947,1725.638
85948,1725.638
85949,1725.638
85978,1726.3566
85979,1726.3566
85980,1726.3566
85981,1726.3566
86009,1726.6646
86010,1726.6646
86011,1726.6646
86012,1726.6646
86057,1726.8038
86058,1726.8038
86059,1726.8038
86060,1726.8038
86089,1728.1482
86090,1728.1482
86091,1728.1482
86092,1728.1482
86121,1728.1264
86123,1728.1264
86124,1728.1264
86125,1728.1264
86154,1727.339
86155,1727.339
86156,1727.339
86157,1727.339
86185,1727.6634
86186,1727.6634
86187,1727.6634
86188,1727.6634
86217,1726.062
86218,1726.062
86219,1726.062
86220,1726.062
86249,1729.3638
86250,1729.3638
86251,1729.3638
86252,1729.3638
86281,1728.3906
86282,1728.3906
86283,1728.3906
86284,1728.3906
86314,1727.4228
86315,1727.4228
86316,1727.4228
86317,1727.4228
86346,1728.7022
86347,1728.7022
86348,1728.7022
86349,1728.7022
86377,1727.2276
86378,1727.2276
86379,1727.2276
86380,1727.2276
86409,1727.644
86410,1727.644
86411,1727.644
86412,1727.644
86457,1724.3908
86458,1724.3908
86459,1724.3908
86460,1724.3908
86489,1723.9966
86490,1723.9966
86491,1723.9966
86493,1723.9966
86522,1722.9576
86523,1722.9576
86524,1722.9576
86525,1722.9576
86553,1720.9568
86554,1720.9568
86555,1720.9568
86556,1720.9568
86585,1720.0014
86586,1720.0014
86587,1720.0014
86588,1720.0014
86617,1718.7376
86618,1718.7376
86619,1718.7376
86620,1718.7376
86649,1717.023
86650,1717.023
86652,1717.023
86653,1717.023
86682,1717.796
86683,1717.796
86685,1717.796
86686,1717.796
86714,1713.3186
86715,1713.3186
86716,1713.3186
86717,1713.3186
86745,1711.7806
86746,1711.7806
86747,1711.7806
86748,1711.7806
86777,1709.2594
86778,1709.2594
86779,1709.2594
86780,1709.2594
86825,1707.9192
86826,1707.9192
86827,1707.9192
86828,1707.9192
86857,1706.7852
86858,1706.7852
86859,1706.7852
86860,1706.7852
86889,1705.9432
86890,1705.9432
86892,1705.9432
86893,1705.9432
86922,1705.7094
86923,1705.7094
86924,1705.7094
86925,1705.7094
86953,1702.1376
86954,1702.1376
86955,1702.1376
86956,1702.1376
86985,1705.704
86986,1705.704
86987,1705.704
86988,1705.704
87017,1702.468
87018,1702.468
87019,1702.468
87020,1702.468
87049,1702.7086
87050,1702.7086
87051,1702.7086
87052,1702.7086
87081,1703.1436
87082,1703.1436
87084,1703.1436
87085,1703.1436
87114,1703.7394
87115,1703.7394
87116,1703.7394
87117,1703.7394
87145,1703.8448
87147,1703.8448
87148,1703.8448
87148,1703.8448
87177,1705.126
87178,1705.126
87179,1705.126
87180,1705.126
87225,1702.4954
87226,1702.4954
87227,1702.4954
87228,1702.4954
87257,1705.9676
87258,1705.9676
87259,1705.9676
87260,1705.9676
87289,1705.706
87290,1705.706
87292,1705.706
87293,1705.706
87322,1703.3574
87323,1703.3574
87324,1703.3574
87325,1703.3574
87353,1706.87
87354,1706.87
87355,1706.87
87356,1706.87
87385,1707.294
87387,1707.294
87388,1707.294
87389,1707.294
87417,1706.8974
87418,1706.8974
87419,1706.8974
87420,1706.8974
87449,1706.196
87450,1706.196
87451,1706.196
87452,1706.196
87481,1706.3192
87483,1706.3192
87484,1706.3192
87485,1706.3192
87514,1706.3574
87515,1706.3574
87516,1706.3574
87517,1706.3574
87546,1706.3668
87547,1706.3668
87547,1706.3668
87548,1706.3668
87577,1703.4234
87578,1703.4234
87579,1703.4234
87580,1703.4234
87626,1702.8264
87627,1702.8264
87628,1702.8264
87629,1702.8264
87657,1703.0796
87658,1703.0796
87659,1703.0796
87660,1703.0796
87690,1705.8614
87691,1705.8614
87692,1705.8614
87693,1705.8614
87722,1705.485
87723,1705.485
87724,1705.485
87725,1705.485
87753,1702.5766
87754,1702.5766
87755,1702.5766
87756,1702.5766
87785,1704.422
87786,1704.422
87787,1704.422
87788,1704.422
87817,1701.7714
87818,1701.7714
87819,1701.7714
87820,1701.7714
87850,1701.4098
87851,1701.4098
87852,1701.4098
87854,1701.4098
87882,1704.1372
87883,1704.1372
87884,1704.1372
87885,1704.1372
87914,1700.8302
87915,1700.8302
87916,1700.8302
87917,1700.8302
87946,1701.7498
87947,1701.7498
87948,1701.7498
87949,1701.7498
87977,1701.2946
87978,1701.2946
87979,1701.2946
87980,1701.2946
88025,1700.7648
88026,1700.7648
88027,1700.7648
88028,1700.7648
88057,1703.917
88058,1703.917
88060,1703.917
88061,1703.917
88090,1703.2196
88091,1703.2196
88092,1703.2196
88093,1703.2196
88121,1703.8944
88122,1703.8944
88123,1703.8944
88124,1703.8944
88154,1704.9708
88155,1704.9708
88156,1704.9708
88157,1704.9708
88185,1704.2476
88186,1704.2476
88187,1704.2476
88188,1704.2476
88217,1707.5594
88218,1707.5594
88219,1707.5594
88220,1707.5594
88251,1706.799
88254,1706.799
88255,1706.799
88256,1706.799
88282,1707.84
88283,1707.84
88285,1707.84
88286,1707.84
88314,1711.1972
88315,1711.1972
88316,1711.1972
88317,1711.1972
88345,1712.0194
88346,1712.0194
88347,1712.0194
88348,1712.0194
88394,1712.186
88395,1712.186
88396,1712.186
88397,1712.186
88426,1710.6218
88427,1710.6218
88428,1710.6218
88429,1710.6218
88458,1711.6712
88459,1711.6712
88460,1711.6712
88461,1711.6712
88490,1713.5536
88491,1713.5536
88492,1713.5536
88493,1713.5536
88521,1714.0318
88522,1714.0318
88523,1714.0318
88525,1714.0318
88557,1712.5876
88559,1712.5876
88560,1712.5876
88561,1712.5876
88586,1714.9064
88587,1714.9064
88588,1714.9064
88589,1714.9064
88618,1715.8744
88619,1715.8744
88620,1715.8744
88622,1715.8744
88651,1719.0102
88652,1719.0102
88653,1719.0102
88654,1719.0102
88682,1717.531
88683,1717.531
88684,1717.531
88685,1717.531
88713,1719.6952
88714,1719.6952
88715,1719.6952
88717,1719.6952
88746,1717.8034
88747,1717.8034
88748,1717.8034
88749,1717.8034
88794,1721.4204
88795,1721.4204
88796,1721.4204
88797,1721.4204
88828,1720.9916
88829,1720.9916
88835,1720.9916
88836,1720.9916
88860,1718.4554
88861,1718.4554
88862,1718.4554
88863,1718.4554
88891,1719.1006
88891,1719.1006
88892,1719.1006
88893,1719.1006
88922,1721.3996
88923,1721.3996
88924,1721.3996
88925,1721.3996
88954,1718.4004
88955,1718.4004
88956,1718.4004
88957,1718.4004
88985,1721.907
88986,1721.907
88987,1721.907
88988,1721.907
89017,1721.4812
89019,1721.4812
89020,1721.4812
89021,1721.4812
89050,1721.8488
89051,1721.8488
89052,1721.8488
89053,1721.8488
89081,1719.8686
89082,1719.8686
89083,1719.8686
89084,1719.8686
89115,1720.5082
89116,1720.5082
89117,1720.5082
89118,1720.5082
89145,1720.7172
89146,1720.7172
89148,1720.7172
89149,1720.7172
89193,1721.6984
89194,1721.6984
89195,1721.6984
89196,1721.6984
89226,1721.8648
89227,1721.8648
89228,1721.8648
89229,1721.8648
89258,1718.828
89259,1718.828
89260,1718.828
89261,1718.828
89290,1721.5092
89291,1721.5092
89292,1721.5092
89293,1721.5092
89321,1721.9012
89322,1721.9012
89323,1721.9012
89324,1721.9012
89353,1722.3878
89354,1722.3878
89355,1722.3878
89356,1722.3878
89386,1721.4304
89387,1721.4304
89388,1721.4304
89390,1721.4304
89418,1721.794
89419,1721.794
89420,1721.794
89421,1721.794
89450,1721.698
89451,1721.698
89452,1721.698
89452,1721.698
89481,1719.269
89482,1719.269
89483,1719.269
89484,1719.269
89513,1721.8172
89514,1721.8172
89515,1721.8172
89516,1721.8172
89561,1721.6844
89562,1721.6844
89563,1721.6844
89564,1721.6844
89593,1721.2396
89594,1721.2396
89596,1721.2396
89597,1721.2396
89626,1722.0892
89627,1722.0892
89628,1722.0892
89629,1722.0892
89657,1719.5358
89658,1719.5358
89659,1719.5358
89660,1719.5358
89689,1719.6242
89690,1719.6242
89691,1719.6242
89692,1719.6242
89721,1721.3764
89722,1721.3764
89723,1721.3764
89724,1721.3764
89753,1718.696
89754,1718.696
89755,1718.696
89756,1718.696
89785,1719.9626
89787,1719.9626
89788,1719.9626
89789,1719.9626
89818,1718.5276
89819,1718.5276
89820,1718.5276
89821,1718.5276
89849,1716.2116
89850,1716.2116
89851,1716.2116
89852,1716.2116
89881,1716.2936
89882,1716.2936
89883,1716.2936
89884,1716.2936
89913,1714.3996
89914,1714.3996
89915,1714.3996
89916,1714.3996
89962,1710.99
89963,1710.99
89964,1710.99
89965,1710.99
89995,1710.0042
89996,1710.0042
89997,1710.0042
89998,1710.0042
90027,1711.0174
90028,1711.0174
90029,1711.0174
90030,1711.0174
90057,1711.0456
90058,1711.0456
90059,1711.0456
90060,1711.0456
90090,1712.0348
90091,1712.0348
90092,1712.0348
90093,1712.0348
90121,1711.3034
90122,1711.3034
90123,1711.3034
90124,1711.3034
90155,1711.5594
90156,1711.5594
90158,1711.5594
90160,1711.5594
90186,1711.8614
90187,1711.8614
90188,1711.8614
90189,1711.8614
90218,1712.4304
90219,1712.4304
90220,1712.4304
90221,1712.4304
90249,1710.8918
90250,1710.8918
90251,1710.8918
90253,1710.8918
90281,1711.6588
90282,1711.6588
90283,1711.6588
90284,1711.6588
90313,1711.8852
90314,1711.8852
90315,1711.8852
90316,1711.8852
90361,1711.9374
90362,1711.9374
90364,1711.9374
90365,1711.9374
90394,1711.5942
90395,1711.5942
90396,1711.5942
90397,1711.5942
90426,1711.6884
90427,1711.6884
90428,1711.6884
90429,1711.6884
90458,1711.8272
90459,1711.8272
90460,1711.8272
90461,1711.8272
90489,1711.1798
90490,1711.1798
90491,1711.1798
90492,1711.1798
90521,1710.7302
90522,1710.7302
90523,1710.7302
90524,1710.7302
90553,1710.5948
90554,1710.5948
90555,1710.5948
90557,1710.5948
90586,1710.1192
90587,1710.1192
90588,1710.1192
90589,1710.1192
90617,1709.9868
90618,1709.9868
90619,1709.9868
90620,1709.9868
90649,1709.4886
90650,1709.4886
90651,1709.4886
90652,1709.4886
90681,1709.7846
90682,1709.7846
90683,1709.7846
90684,1709.7846
90730,1709.7042
90731,1709.7042
90732,1709.7042
90733,1709.7042
90762,1708.615
90763,1708.615
90765,1708.615
90766,1708.615
90794,1706.0522
90795,1706.0522
90796,1706.0522
90797,1706.0522
90825,1709.2202
90826,1709.2202
90827,1709.2202
90828,1709.2202
90858,1709.3896
90859,1709.3896
90860,1709.3896
90861,1709.3896
90890,1708.9448
90891,1708.9448
90892,1708.9448
90893,1708.9448
90922,1709.0126
90923,1709.0126
90924,1709.0126
90925,1709.0126
90954,1710.409
90956,1710.409
90957,1710.409
90958,1710.409
90986,1708.636
90987,1708.636
90988,1708.636
90989,1708.636
91020,1708.773
91021,1708.773
91022,1708.773
91023,1708.773
91050,1709.2476
91051,1709.2476
91052,1709.2476
91054,1709.2476
91081,1709.2828
91082,1709.2828
91083,1709.2828
91084,1709.2828
91129,1710.2138
91130,1710.2138
91131,1710.2138
91132,1710.2138
91165,1710.276
91166,1710.276
91167,1710.276
91168,1710.276
91194,1709.37
91195,1709.37
91196,1709.37
91197,1709.37
91226,1710.021
91227,1710.021
91228,1710.021
91230,1710.021
91258,1710.1604
91259,1710.1604
91260,1710.1604
91261,1710.1604
91291,1710.2834
91292,1710.2834
91293,1710.2834
91294,1710.2834
91322,1710.544
91323,1710.544
91324,1710.544
91326,1710.544
91354,1710.4528
91355,1710.4528
91356,1710.4528
91357,1710.4528
91386,1711.4238
91387,1711.4238
91388,1711.4238
91389,1711.4238
91417,1709.8214
91418,1709.8214
91419,1709.8214
91420,1709.8214
91450,1710.0112
91451,1710.0112
91452,1710.0112
91454,1710.0112
91482,1709.4418
91483,1709.4418
91485,1709.4418
91486,1709.4418
91529,1709.4744
91530,1709.4744
91532,1709.4744
91534,1709.4744
91562,1708.9956
91563,1708.9956
91564,1708.9956
91565,1708.9956
91593,1709.1214
91594,1709.1214
91595,1709.1214
91596,1709.1214
91626,1711.6444
91627,1711.6444
91628,1711.6444
91629,1711.6444
91658,1712.051
91659,1712.051
91660,1712.051
91661,1712.051
91689,1710.051
91690,1710.051
91691,1710.051
91692,1710.051
91722,1712.5632
91724,1712.5632
91725,1712.5632
91726,1712.5632
91754,1712.52
91755,1712.52
91756,1712.52
91757,1712.52
91785,1712.232
91786,1712.232
91787,1712.232
91788,1712.232
91817,1712.6682
91818,1712.6682
91819,1712.6682
91820,1712.6682
91872,3316.7884615384614
91873,3316.7884615384614
91874,3316.7884615384614
91875,3316.7884615384614
121205,2479.681952662722
